transaction_id,transaction_datetime,merchant_id,transaction_type,transaction_amount,transaction_status
cbd3ed39-86dd-49e2-9a12-c1f64db7a1a2,2025-03-18 14:03:21,M004,delivery,71.71,completed
5afee8e2-2fff-4a11-9aab-1a3421e632ab,2025-03-18 15:48:35,M004,delivery,1.13,completed
9ffd01da-7fd1-450a-8bbd-3bc37f6282b1,2025-03-18 17:53:03,M003,takeaway,59.07,completed
4bcf322c-460a-4a70-9b28-e31a60ce0de0,2025-03-18 18:07:43,M004,dine_in,47.42,completed
090f7a3b-7b0e-40d6-ba34-3ca65cf154f6,2025-03-18 18:10:13,M002,takeaway,94.46,pending
98611fb1-fc07-46ed-833f-4f9563e99c45,2025-03-18 18:43:54,M002,takeaway,6.76,completed
6ec9e4eb-c4d0-4adc-a59d-9e13ca309a59,2025-03-18 21:52:01,M004,takeaway,83.03,completed
c9754e22-5314-4f4d-95fb-757acf05b62e,2025-03-19 00:51:52,M003,delivery,58.3,completed
f6e6b6e5-011d-46f8-b1c9-0ae095fa09fb,2025-03-19 01:25:16,M003,dine_in,61.72,failed
16a348df-1aa2-4a0b-9df1-db9812a73810,2025-03-19 01:45:34,M003,dine_in,79.78,completed
3c77027e-dbcb-4874-b6ab-747954ca5def,2025-03-19 03:24:34,M002,dine_in,53.79,pending
58eccd9c-671f-4f2d-aaf9-9324579ac6fb,2025-03-19 04:55:36,M004,delivery,24.7,completed
88f6dd43-715e-487f-ba10-333fb3c7f9ea,2025-03-19 07:00:21,M005,takeaway,34.79,pending
a8b6bfdd-b402-4062-94be-1126398e98e4,2025-03-19 07:17:09,M003,takeaway,63.92,completed
e6b7d754-412c-4f59-8ef9-4c321ae57a47,2025-03-19 08:19:18,M003,takeaway,82.26,completed
4dfb7df9-d58f-457c-8084-632b2755c966,2025-03-19 08:45:12,M001,takeaway,30.79,completed
3d3cb8f1-ba44-4fbc-b8ac-8a8e78a686ee,2025-03-19 09:59:33,M003,dine_in,9.139237974944715,completed
c17196bb-efb6-499f-bbbb-af2c2117311d,2025-03-19 12:00:40,M001,dine_in,2.6715976480466708,completed
259da444-62c7-4477-bc86-1a13b2c317bc,2025-03-19 14:36:30,M004,dine_in,52.48,completed
2d1c522b-fb53-43db-a09a-e234f9600963,2025-03-19 14:38:52,M002,takeaway,30.12,completed
e68e30fd-880f-4aed-bf07-f4dc1994d138,2025-03-19 23:57:14,M003,dine_in,29.2,completed
15d51fa7-4a0f-4688-b6e1-9331e8215679,2025-03-20 00:39:03,M002,takeaway,3.349436736113633,completed
30a6c2f0-068a-402b-bf84-93acb4530518,2025-03-20 01:54:41,M005,delivery,41.81,completed
ace5314e-1b1e-4d83-b99c-67a95aa4ef4b,2025-03-20 02:56:21,M002,takeaway,57.98,completed
5f8b136e-3899-4d05-b9d7-f15276fc43ce,2025-03-20 04:11:39,M001,delivery,71.24,completed
acee0e6f-71db-4ace-832b-79ff3173ef42,2025-03-20 07:17:57,M003,delivery,61.86,completed
ecbc3b3c-7d92-48d2-958d-53c7a9cea0e8,2025-03-20 08:32:11,M005,takeaway,22.68,completed
9f726866-98b4-4fcf-b84c-fa1d63f09141,2025-03-20 11:46:10,M002,dine_in,3.97,completed
7b169236-e89a-474f-bfbc-f88eb0be0933,2025-03-20 12:36:30,M004,delivery,60.46,completed
aab85e34-8254-43a7-af54-27980678ef73,2025-03-20 14:36:37,M004,delivery,85.47,completed
6e14ca89-1d54-4110-98c1-d0313c62ae49,2025-03-20 17:24:09,M004,delivery,101.81,completed
028097f6-814d-446b-bad1-75f7f1aa177f,2025-03-20 20:13:55,M002,dine_in,67.47,pending
5cf5c220-1f51-4a87-95ca-8e4515052636,2025-03-21 00:26:02,M001,dine_in,11.56,completed
45ee278c-6981-49b1-8f69-ad7b65e800b4,2025-03-21 00:44:50,M002,dine_in,34.17,completed
5312ec25-fae2-492c-8df6-9503502aab8d,2025-03-21 01:57:24,M003,dine_in,15.99,pending
eecf940c-9bed-4dcf-af0a-3369f1e389ce,2025-03-21 09:13:31,M001,delivery,8.67,completed
7020685b-afa7-4a2c-acb2-30ca5ee3b7ac,2025-03-21 10:28:49,M002,delivery,7.68,pending
7ab6523b-08a7-480d-815a-63cfd777da79,2025-03-21 16:14:48,M004,dine_in,24.93,completed
07badd6f-bf05-41af-9c1f-ee9f8fe28a41,2025-03-21 18:13:02,M003,delivery,34.93,completed
0ef7a5f1-b082-43d0-af95-c0159837fe45,2025-03-21 18:21:38,M002,delivery,33.19,completed
df60f89a-d7f1-4fee-b22e-45b40d90cce1,2025-03-22 00:10:28,M001,dine_in,26.55,completed
bb2d8af9-738b-47d4-8ff8-9733412aa120,2025-03-22 01:05:23,M003,dine_in,19.2,completed
345d0f01-5f93-48b3-b215-121d0e99e088,2025-03-22 03:25:24,M005,takeaway,73.37,completed
16f8231f-2921-42a3-a5bb-892918d0e402,2025-03-22 07:30:33,M004,delivery,4.352580383981193,completed
be3edce2-eeda-498b-94b0-f9a8506973bf,2025-03-22 07:56:26,M001,takeaway,40.97,failed
d08b3a96-8b58-41dd-91d5-27a668c14aa9,2025-03-22 08:59:56,M001,dine_in,26.3,completed
d6266967-7ea2-4dd0-a7e8-8abcee6ef2a7,2025-03-22 11:27:58,M002,takeaway,65.36,completed
289c75dc-5690-48b3-adc1-982d47db2d7c,2025-03-22 12:59:34,M005,takeaway,86.75,completed
2bbf4a7d-7fed-405a-bf02-66fe4a6d574a,2025-03-22 14:50:38,M001,delivery,86.23,completed
98d96647-66be-4cea-a55f-b1df1eb21858,2025-03-22 15:28:22,M003,dine_in,76.44,completed
950bb0a5-3496-4a28-8cd3-ee8b4d401595,2025-03-22 18:41:56,M004,takeaway,56.35,completed
7660e42f-a43b-43a4-82f3-b60676f2c76c,2025-03-22 20:56:15,M003,dine_in,44.47,completed
941de292-8ae0-465d-a495-4750d4b482d4,2025-03-22 22:12:09,M002,delivery,16.06,pending
bda792f3-f954-4d8f-b2a3-c4606c6c95c1,2025-03-22 22:52:25,M002,delivery,69.19,completed
16d7485e-5cc2-470c-ba98-94dbccb41054,2025-03-22 23:18:01,M005,takeaway,37.32,completed
0722abde-855b-4dd0-9d80-311ab637049e,2025-03-23 00:50:26,M005,takeaway,89.37,completed
99ae489f-cc6e-45ad-a128-a691a4233f21,2025-03-23 01:20:22,M003,delivery,80.93,completed
101b18d3-ad84-4c16-b092-b59b8e06a5b6,2025-03-23 02:11:36,M004,takeaway,63.49,completed
8618b777-b610-4018-85cd-c5e5b5957305,2025-03-23 07:50:12,M003,dine_in,28.98,completed
7ec53dd7-9983-44e8-8ecf-1224dc928b05,2025-03-23 13:36:40,M001,dine_in,28.87,completed
afafe965-a346-4cad-8be3-5430e7e08292,2025-03-23 15:23:54,M005,takeaway,91.28,pending
6130aa8a-1389-459e-888b-0d117f3fac9a,2025-03-23 17:50:44,M002,delivery,75.66,completed
da104120-35f1-4f58-b064-49113405419b,2025-03-23 21:14:14,M002,dine_in,42.3,completed
110d3087-71d4-4352-ae24-4eee62d8f1e9,2025-03-23 22:56:32,M004,delivery,42.83,completed
7e5ba440-e087-4f7c-afe7-2561462bf98f,2025-03-24 00:27:40,M005,takeaway,55.77,completed
8ca4a08a-000e-485b-a2cb-cc7491fb34ec,2025-03-24 02:42:54,M001,takeaway,91.71,completed
09bc717d-f474-4fb6-bf1e-c71b4b5f051a,2025-03-24 05:15:45,M001,takeaway,35.35,completed
242f2f37-b9af-4265-9eb6-d88e193634a3,2025-03-24 06:10:06,M004,delivery,118.66,completed
00b89b21-30a7-4114-bd02-18d315a7c664,2025-03-24 08:25:10,M002,dine_in,38.41,completed
ca3e0555-8fa4-47c0-8585-693c4320ca44,2025-03-24 09:48:55,M001,delivery,13.56,completed
f929e6a3-84a0-4a18-bda0-7eef38fca860,2025-03-24 11:47:59,M005,delivery,86.74,completed
bc9b6abe-99b0-448b-b795-b818e4df498b,2025-03-24 13:46:48,M002,delivery,86.09,completed
dc056f9c-a4aa-44c0-8093-559e7c177bf3,2025-03-24 14:10:15,M001,dine_in,1.2709348499018704,completed
2c23ec2e-8431-4c38-a25a-f565a8b79116,2025-03-24 14:45:34,M005,dine_in,59.08,completed
209a57cc-8977-466a-b87b-0fc0f43aeb52,2025-03-24 14:52:26,M001,delivery,94.22,completed
a8087bff-2683-4002-9a34-0346a90e24b8,2025-03-24 16:52:25,M005,dine_in,89.33,completed
04b1fcbb-015c-43cc-9eb5-3e47fc51657a,2025-03-24 18:21:31,M004,dine_in,34.22,completed
c6da27ca-7179-4d64-bb00-e32f1873e5cd,2025-03-24 19:07:44,M005,dine_in,23.65,completed
ad5afbf3-5f00-4dd7-a8eb-08469223f980,2025-03-24 20:21:36,M005,takeaway,27.84,completed
df4e41ec-bb4e-4ccd-a3d1-8979cda5e930,2025-03-25 00:28:44,M001,delivery,52.26,pending
eb44533f-f111-4f97-9841-f001649a96e0,2025-03-25 02:41:01,M001,dine_in,60.64,completed
e9225c55-bcb9-4d4f-8836-c393a0d1bc5e,2025-03-25 06:02:11,M005,dine_in,37.94,completed
8e688daa-33b0-44bf-814a-f8bbdbe469f9,2025-03-25 06:44:07,M002,dine_in,3.5345443789506854,completed
02a4deb6-7a2e-43de-aa95-577a0d1ad2a3,2025-03-25 09:15:24,M001,delivery,73.34,completed
b332ba06-270a-4319-8e6e-dea16195e451,2025-03-25 12:04:00,M004,dine_in,104.24,pending
fc3f5f90-97d4-47e5-830c-2844b0fb8b3e,2025-03-25 12:07:07,M005,dine_in,56.43,pending
9affc5e3-4a1c-4602-9f68-50615c1d8581,2025-03-25 15:53:33,M003,takeaway,23.31,failed
2b4a0a52-d330-4b6e-a306-d3d86fedc03d,2025-03-25 18:17:19,M003,takeaway,68.88,pending
7e9d3ccd-adf0-4ad2-ae92-cd921adaab98,2025-03-26 01:56:04,M001,dine_in,28.76,completed
b6476390-1f1a-404f-895d-1ddf633912bb,2025-03-26 04:46:12,M003,takeaway,68.26,completed
7edb7c52-7423-451a-9edd-eba8a59fc958,2025-03-26 07:47:03,M003,takeaway,48.8,completed
f04cac94-aa80-4568-baa4-de8219cb9037,2025-03-26 09:31:06,M004,dine_in,27.1,completed
8e977e5e-ea51-41c8-8847-730da14cdd11,2025-03-26 09:34:22,M004,takeaway,61.32,completed
49e1f40a-19ca-4bfe-a1d3-78976e5a4489,2025-03-26 12:26:41,M002,takeaway,38.03,completed
e76e2615-976e-421b-8e77-151e8e08422e,2025-03-26 12:51:23,M002,takeaway,96.02,pending
c9d66276-c299-4bf1-aced-91377f39c4ca,2025-03-26 12:52:10,M004,takeaway,40.5,completed
7937cd55-e6d6-4a3a-84e0-baf6c801fffc,2025-03-26 13:34:56,M002,delivery,43.37,completed
d7471991-44f5-47f3-be58-b04290734931,2025-03-26 13:46:48,M004,takeaway,12.16,pending
7fd2b743-61a1-412d-b37b-fe9145848db9,2025-03-26 19:28:44,M003,dine_in,53.26,completed
74e39204-ec80-41d4-89b0-94e4763f93d2,2025-03-26 21:01:36,M002,dine_in,67.05,completed
68ca2e43-99d8-4547-a514-bb5df7fd0e4e,2025-03-26 21:56:06,M003,dine_in,19.57,completed
f5312cc9-8da4-4ea3-8a3c-52e7d0e06453,2025-03-27 00:39:44,M001,takeaway,73.16,completed
f0751991-d528-4412-a28e-353e9576c941,2025-03-27 02:17:09,M004,takeaway,63.88,completed
e1858a90-f578-4aca-a315-8d13612b1c49,2025-03-27 02:43:09,M003,dine_in,72.54,failed
c81d6dda-f3fe-4f96-a1c8-ca2f3fbb9183,2025-03-27 06:20:34,M001,takeaway,61.38,completed
52b05b7c-44ce-4227-a6a5-872bfc201c78,2025-03-27 06:35:40,M001,takeaway,16.44,completed
c38177b9-4ed5-4cfa-8269-02cd06da0ae5,2025-03-27 10:04:00,M005,dine_in,65.67,completed
d1acdeee-e99a-4cf8-bb53-1278039efaea,2025-03-27 11:12:49,M005,delivery,60.78,completed
b73211bf-0674-41d2-849a-3ddf716b6207,2025-03-27 11:47:38,M004,takeaway,10.16,completed
60390144-d8a3-489b-ae58-7a20e5a67efa,2025-03-27 16:36:21,M002,dine_in,16.61,completed
3e5c84f9-1d62-4165-94ca-3e23f732dfc4,2025-03-27 17:05:01,M005,dine_in,43.72,completed
459e7801-4489-4f0e-b508-37e8c0e68c55,2025-03-27 22:08:59,M003,delivery,62.73,completed
2de2c9d3-c454-42e7-8cb2-852ca3300abc,2025-03-27 22:09:40,M001,dine_in,31.21,pending
dda06b4a-2036-44aa-a4da-67177e0e1778,2025-03-28 05:23:09,M001,dine_in,14.5,completed
65f02f68-5497-419a-85ec-30a0b35c0d19,2025-03-28 06:04:40,M004,takeaway,85.29,completed
9cd7ea5f-6a66-4197-97f7-e395377df34e,2025-03-28 09:39:23,M005,dine_in,44.07,completed
4210cc42-5abb-433d-804c-188dc26686d0,2025-03-28 10:33:54,M002,dine_in,25.48,failed
4d0c77c0-658d-4c09-bc26-c42856975437,2025-03-28 13:19:33,M001,dine_in,18.84,completed
5e2afb87-4bc8-4a53-a8ba-f9d8f5f3bdd7,2025-03-28 14:54:34,M001,delivery,23.23,completed
d48375fd-d601-45a2-a884-91d281b14b4c,2025-03-28 17:15:42,M004,takeaway,53.2,completed
da8d1e5a-0d95-4ad8-ba11-1b910321ff20,2025-03-28 20:37:14,M005,delivery,49.94,completed
f083c765-3aef-44f6-97b3-cd6025f1a81f,2025-03-28 23:05:15,M003,dine_in,40.06,completed
64673f28-117b-4a43-82c9-3725c99a50f8,2025-03-29 01:27:52,M001,takeaway,64.4,completed
fd4c7043-c643-4e4e-9763-f9e2a2a97d46,2025-03-29 02:18:53,M002,takeaway,104.59,completed
dcfdabe7-3886-43a4-97c9-5f97bef21a7f,2025-03-29 02:36:07,M003,delivery,43.13,completed
137e791e-6f5d-4132-8c63-1fe6d2dd4ca4,2025-03-29 03:44:05,M004,dine_in,26.85,completed
23a80d6c-645b-4a02-b813-d520c0f4725c,2025-03-29 04:05:06,M003,dine_in,76.66,completed
39f2cdf4-78e4-4f77-814c-0f56230104b1,2025-03-29 08:12:00,M005,dine_in,36.65,completed
6dc7e336-7035-4bd0-9604-ff8ff40300cb,2025-03-29 08:50:11,M003,delivery,49.44,failed
5e1bf6e2-77d5-432c-be4c-b046e808767d,2025-03-29 09:33:04,M005,dine_in,31.1,failed
be3579a8-9eb9-4076-a3ea-06d3caf17e13,2025-03-29 10:26:07,M002,delivery,44.62,pending
2a7958c9-16c1-4d31-bfcf-2dc981f321e4,2025-03-29 10:27:50,M003,dine_in,66.2,completed
a8056559-330e-4b73-a332-1c1dd3db6590,2025-03-29 12:47:57,M003,delivery,74.3,completed
dd004c7f-28f8-4a8d-9001-b3bd8b2b042b,2025-03-29 14:37:15,M003,takeaway,48.75,completed
f48ee813-305b-4813-8a9e-61d68bd8f358,2025-03-29 15:39:49,M005,dine_in,67.26,completed
946d1dcf-7559-4a53-83b3-6a7c6f537047,2025-03-29 21:03:13,M001,dine_in,50.47,completed
94135557-1398-4c2a-a69a-16dcdceffe55,2025-03-29 21:57:02,M001,takeaway,118.73,completed
e90bf842-1715-40a6-aa01-29c2824cef6c,2025-03-30 00:29:30,M002,delivery,46.26,completed
6e2fecb1-7da7-416e-a751-1bf830eae86c,2025-03-30 01:25:55,M002,delivery,32.16,completed
8095df2a-618b-4ade-b97f-1d189f4cd711,2025-03-30 02:24:07,M005,dine_in,29.0,completed
6f81185e-c9f6-494e-9eca-533911706c3d,2025-03-30 03:24:04,M004,takeaway,62.65,completed
dc47d004-c393-4280-ab4e-af6b2b8559cf,2025-03-30 04:42:15,M005,takeaway,110.3,completed
5af68765-0e29-4270-a899-853adc0f7b21,2025-03-30 04:53:48,M001,dine_in,28.59,completed
00baea67-20ea-40b1-8d46-be2b1c918da9,2025-03-30 09:13:53,M003,dine_in,11.21,completed
97fd8e76-fa99-4e76-a674-8503682b4805,2025-03-30 18:45:15,M005,takeaway,55.75,completed
c58ebef0-b12a-48f1-999a-9cbaffe45cda,2025-03-31 02:11:23,M005,takeaway,54.22,completed
7d0a7160-3635-44ee-85ca-d36cf760a5ea,2025-03-31 02:40:12,M001,delivery,80.53,completed
7e3c7ced-5c07-460c-b065-f158ecd4a944,2025-03-31 03:34:29,M003,dine_in,51.88,completed
6bec282a-fdcc-4d0a-b092-48f33d38f93d,2025-03-31 06:37:50,M002,dine_in,53.53,completed
48fcc4fc-4201-40df-b3d5-bf63740a0f2c,2025-03-31 07:21:20,M003,takeaway,45.55,completed
b7dda353-8fb1-44df-9cb2-cc62575564d2,2025-03-31 15:08:30,M003,dine_in,52.05,completed
05911ab0-74ff-4b45-85b6-4e513818f677,2025-03-31 23:22:46,M004,delivery,10.5,completed
97aa963b-b3f4-46d5-a91d-ec1348f96baa,2025-04-01 10:53:43,M002,delivery,95.44,completed
cd3cd984-0477-4efa-8c66-466d74cafd9b,2025-04-01 11:48:27,M003,dine_in,64.83,failed
0a52a765-e29b-46fb-8d45-87d1a8c822a6,2025-04-01 12:17:15,M001,delivery,85.84,completed
bcb8b4b4-1be0-4ae6-97d3-161679289fa3,2025-04-01 12:43:11,M003,takeaway,55.93,completed
e3191013-d7e7-40cb-a792-06da84bfebbc,2025-04-01 12:58:59,M005,delivery,22.2,completed
70e65cbb-9f2d-428c-a47b-76f957400e9d,2025-04-01 16:02:43,M004,dine_in,14.77,completed
f7ca7dc4-8200-4a56-848c-183e1b27f277,2025-04-01 19:45:35,M004,delivery,43.46,completed
603d8fb9-8a38-4d15-a0ac-c5668ff4efbc,2025-04-01 20:39:54,M001,delivery,59.43,completed
9d61102c-f148-4ef5-8dc7-5b50f361db77,2025-04-01 22:37:53,M001,dine_in,130.34,failed
f099ed23-436d-467e-a606-57947f8d9e1c,2025-04-02 00:10:49,M002,delivery,33.04,completed
86a6c711-76a6-4d4a-9708-54304f9adcb4,2025-04-02 01:55:50,M004,delivery,51.14,completed
e5023a3d-1501-4b54-b69e-695423b6ac80,2025-04-02 05:36:12,M001,delivery,11.73,failed
417dcbd7-86a5-46c4-b0c1-2d6c976ddc43,2025-04-02 06:12:21,M001,delivery,103.79,completed
973eeffb-8afe-481b-b4f3-e3a51eef9d43,2025-04-02 08:19:52,M005,takeaway,50.09,completed
bb393be3-6204-4653-9775-36dffe7100b9,2025-04-02 09:16:38,M002,delivery,39.44,pending
b39d92c9-5a98-4490-b26a-27d548283308,2025-04-02 09:34:55,M004,delivery,60.19,completed
a61065f2-864f-4d71-a75f-992eedb8c86a,2025-04-02 14:53:42,M001,delivery,26.99,completed
fbc09e8a-1c6e-43ab-8503-c6c8155f16db,2025-04-02 16:46:46,M003,takeaway,86.74,failed
ad556d90-744b-4848-a427-141034b0d466,2025-04-02 16:58:01,M003,takeaway,23.17,completed
547e4b31-54a3-4f22-a4b2-e4cf1892709d,2025-04-02 17:00:03,M002,delivery,57.24,completed
635bb441-ace3-47f5-a3aa-8a8ce9913437,2025-04-02 18:08:18,M002,dine_in,7.51,completed
2637bcdb-e197-462f-a94e-208be6e6c151,2025-04-02 20:58:33,M001,delivery,31.33,completed
a4ecb770-c231-48e7-bc7f-d365002e00a8,2025-04-02 21:57:18,M001,takeaway,36.55,completed
46d0b515-38e7-4422-b688-c6685566030e,2025-04-03 05:23:56,M001,delivery,49.4,completed
aff3dbf2-e682-485c-8e19-3f0ebb9110f1,2025-04-03 07:06:56,M004,delivery,7.813433032287628,completed
daf4d2c0-08ba-4f14-93e1-56ba9ad68474,2025-04-03 08:56:25,M003,takeaway,105.21,pending
50739423-1283-4235-843f-6ba6febcead8,2025-04-03 15:29:08,M001,dine_in,57.98,completed
c0411190-0b33-424a-abdb-fd945736d537,2025-04-03 17:39:52,M005,dine_in,17.06,completed
c2b1605a-01c3-422b-82e7-fce79ae7adf4,2025-04-03 20:34:29,M004,delivery,1.97,completed
94988d96-eab1-4198-b288-a50607410a03,2025-04-03 22:02:39,M004,takeaway,98.07,completed
9c6df0c3-2bc9-49cb-bf84-702665ab894d,2025-04-03 23:07:51,M002,dine_in,40.79,completed
a775dc41-0c48-4136-a2be-f1513182b1c5,2025-04-04 02:00:23,M005,delivery,97.18,completed
015fce48-3210-42c9-b6ae-d8a3689fc449,2025-04-04 05:19:38,M004,takeaway,44.95,completed
917cfab8-5ba5-4d24-be91-27cbb536d2a4,2025-04-04 05:47:12,M004,delivery,0.69,completed
e8371de3-c7d9-4edf-b721-59cc8593a668,2025-04-04 06:26:03,M004,delivery,79.13,completed
5e82b818-7ff4-474a-a619-f69e954b0560,2025-04-04 21:13:58,M005,delivery,71.04,completed
83e27879-1683-467a-b3cf-1844492a2095,2025-04-04 22:58:21,M004,dine_in,62.64,completed
1300e394-3e3a-49bc-9dd6-1afc540f4946,2025-04-04 23:04:21,M002,takeaway,36.37,completed
acf309f8-d33d-43b6-adb1-b088991c3ffd,2025-04-05 00:39:30,M002,takeaway,119.01,completed
c8bfc727-8e06-494a-8b24-98d3cf69babe,2025-04-05 01:00:21,M003,dine_in,82.28,completed
4d189fdf-f4cd-41ae-8158-ec429dada885,2025-04-05 01:41:33,M002,dine_in,77.01,completed
1567af00-0c85-4a24-9cdd-4b185ec7c083,2025-04-05 02:49:21,M004,takeaway,58.18,failed
d98725aa-1644-4f75-9f66-902c87c02bb4,2025-04-05 04:44:16,M003,takeaway,26.83,completed
bd942cc5-bd7b-42c4-b911-33a8231edf0c,2025-04-05 07:55:38,M002,delivery,1.0619016599768438,completed
face8b1c-7706-4217-ba41-fe61fef98d81,2025-04-05 08:10:12,M003,dine_in,65.45,completed
a95f429b-e6e1-4991-860d-649f16bc7818,2025-04-05 09:36:03,M001,takeaway,9.419360621747462,completed
a02b9cac-9cde-4262-8213-b52a567bccb1,2025-04-05 09:50:53,M001,delivery,76.57,completed
2b9af46b-e075-4764-a868-25896afdba44,2025-04-05 09:59:32,M005,takeaway,8.511146112300649,completed
1330fcc4-c9b2-449e-be5a-8f9450253620,2025-04-05 11:09:42,M005,takeaway,113.11,completed
aa973820-a39d-44f4-b9e2-da9efd1cdf91,2025-04-05 12:56:12,M003,dine_in,15.33,completed
17944693-8aab-41b9-afea-40b686f0fe56,2025-04-05 21:46:50,M004,delivery,56.87,completed
5ca59526-cbd4-41ce-97eb-4b95367e97c3,2025-04-06 02:01:55,M005,delivery,51.08,completed
e347ad7b-fb09-45a9-be86-3e2cab403727,2025-04-06 02:10:29,M003,delivery,34.05,completed
767eb9ae-e714-482c-b997-35e4d73411f9,2025-04-06 03:13:51,M002,dine_in,44.17,completed
cfea1b10-085a-435d-908e-4e340e19661c,2025-04-06 04:08:13,M001,delivery,41.48,completed
ab8ce145-b99a-4db0-a2e4-2a16a6ce480f,2025-04-06 04:15:20,M005,delivery,24.8,completed
e2dde3cf-51b4-411f-aa05-f34540734887,2025-04-06 07:17:49,M005,takeaway,52.02,completed
d994d625-4be1-412b-b7d1-c8ada0d03995,2025-04-06 08:08:18,M002,delivery,36.37,completed
223368b8-d230-4421-a619-a4affddf52ae,2025-04-06 08:25:13,M002,delivery,73.39,completed
b065445c-72ee-4b41-beb9-92200eae0521,2025-04-06 08:29:54,M005,takeaway,74.09,failed
15fe902d-cb52-4353-ae3a-df8bfab7ec16,2025-04-06 13:43:55,M004,delivery,59.13,completed
b7c05a88-29a6-404a-a2ff-e1896075db8d,2025-04-06 18:43:10,M003,delivery,42.4,completed
471b1b26-72c6-4ecd-9dc8-f917fc0a3c14,2025-04-06 21:24:33,M005,takeaway,60.44,completed
15cbffaf-b0fc-4c60-8b2c-eebd91f4fd62,2025-04-06 21:42:24,M002,takeaway,37.46,completed
0d7b5867-b2c3-4549-847a-3cf41ffac105,2025-04-06 21:53:00,M002,delivery,93.06,completed
7c86c0ab-0750-452e-803e-11f344195e9a,2025-04-06 22:25:21,M003,dine_in,75.03,completed
5b9dd645-08d2-46e4-b6cc-5f6ff5b02884,2025-04-06 23:05:51,M001,delivery,52.21,completed
58109803-6030-43df-9af7-510bb55bee65,2025-04-06 23:12:45,M004,delivery,38.88,completed
11b2aa1f-fc79-41ff-9f76-1fce8ab3ce3f,2025-04-07 00:28:40,M001,takeaway,97.5,completed
0f9ba526-61fe-48ec-83cc-84e66e7723f8,2025-04-07 03:12:38,M003,dine_in,6.957222693733104,completed
b4fa0d45-ce4d-47b4-8d69-ce6f37fde369,2025-04-07 03:52:37,M005,takeaway,49.1,completed
6fdd0f78-ab59-41de-b5f5-8406a22cdf7f,2025-04-07 07:50:24,M004,takeaway,16.84,failed
28f33c95-41c0-4b0a-9b57-69ac1142b853,2025-04-07 08:06:52,M005,delivery,41.81,completed
d064e632-4585-447a-8f86-7443b785c932,2025-04-07 12:17:40,M005,takeaway,33.73,pending
e445d148-ce73-4011-9c80-290c79ebc9b8,2025-04-07 12:44:03,M001,dine_in,86.65,completed
7cd480b1-11bb-4250-9559-dde97d437052,2025-04-07 15:54:08,M005,delivery,45.94,completed
1cdbb015-cd0c-4575-8e83-c4ad8b69b829,2025-04-07 16:10:50,M005,takeaway,116.43,pending
d4c6b4a5-9533-4fed-be47-c1a162663fdb,2025-04-07 16:34:39,M001,takeaway,98.93,completed
92723761-c11b-42aa-9f3d-1206a56ba5ed,2025-04-07 19:31:29,M003,delivery,27.52,completed
137e7f20-03c2-4834-a60e-46f9057a917b,2025-04-07 20:27:54,M001,dine_in,80.99,completed
44145b10-0c02-47b1-9f2c-3eee0384019f,2025-04-07 21:10:53,M002,dine_in,78.65,completed
bba59081-8ece-4c35-8ed3-17106f7df82a,2025-04-07 22:33:13,M004,dine_in,83.82,completed
68957073-fd9d-4aa1-8bd1-0354827afd30,2025-04-07 22:37:04,M002,delivery,5.020430745326683,completed
0ddb7b6b-d8e2-4194-b726-a82713167b69,2025-04-07 23:20:25,M004,dine_in,6.62,completed
7dd5de6a-5606-4499-8e61-07e699842f90,2025-04-08 00:25:12,M003,takeaway,35.27,completed
9e018aa2-b3b5-42a1-ba9c-b096754145ea,2025-04-08 04:30:15,M003,dine_in,34.69,completed
119f0c78-10ff-450b-9755-e916e9594360,2025-04-08 11:18:45,M004,delivery,57.82,failed
c8111357-200e-4296-ae70-22fdc8812f91,2025-04-08 11:27:18,M004,dine_in,53.65,completed
5cbb3456-c731-4a7b-a0dd-546d55142f5c,2025-04-08 18:53:49,M005,takeaway,24.08,completed
144d7bfa-82f5-4bb4-9371-6d77a8b12354,2025-04-08 20:02:26,M004,dine_in,65.84,completed
f85d3042-7713-4329-94c7-7c4451da72c2,2025-04-08 20:09:59,M002,dine_in,84.46,completed
01db2214-7eb1-48f5-91ef-91ad9fe25729,2025-04-08 22:23:02,M001,dine_in,58.76,completed
03f60f2e-f8ce-40fe-b818-95049138ff0e,2025-04-08 22:26:09,M001,dine_in,42.03,failed
7a43b0b4-3b99-47d3-9cb0-94e2cd1d6848,2025-04-09 00:59:02,M001,takeaway,69.51,completed
af6074ad-d219-4853-99f3-6e0a273fe459,2025-04-09 02:04:16,M003,takeaway,56.02,completed
b7d94721-08c8-40fa-b5db-a83e003785bd,2025-04-09 11:01:46,M004,takeaway,4.090480319598798,completed
8bc8da06-e19e-4467-9907-dfaf2d1ee1e3,2025-04-09 11:35:50,M005,takeaway,69.1,completed
9ad76621-8e38-4a69-986c-75573200b5a6,2025-04-09 12:22:45,M005,takeaway,36.94,completed
7d52007d-8c96-4001-b4b9-5d5c07cc885a,2025-04-09 17:11:00,M004,delivery,67.34,completed
d81b04f9-5660-4336-b7fa-12b9065ef2a0,2025-04-09 17:45:13,M002,delivery,108.82,completed
1219027c-9b43-4c7f-a255-73cede5204d8,2025-04-09 18:31:56,M005,delivery,36.51,completed
e7c9c0fd-45a1-4186-8485-62d9326f47a1,2025-04-09 19:02:45,M001,delivery,58.94,completed
5fe2b35d-c0a6-41e2-b9ff-405a515ad1c6,2025-04-09 19:15:19,M001,delivery,41.65,completed
206420a1-4440-4dd8-8ab2-ba41a1086c6e,2025-04-09 20:31:16,M005,delivery,39.19,pending
c96b6c46-e7d2-44b2-8f6e-35cee3a5ccb7,2025-04-09 20:35:07,M003,takeaway,1.5004496951241455,completed
91404a9c-90ff-444f-94ad-c821c90081a4,2025-04-09 23:27:07,M005,delivery,51.0,completed
c758abf7-c236-4033-82c4-79a0928a45ee,2025-04-09 23:44:57,M002,delivery,97.06,pending
84196e27-f289-4eef-be59-ffbf93b0cbc4,2025-04-10 07:56:56,M005,delivery,16.69,completed
42b69fb6-3b35-4bfc-8262-8b38dde2168e,2025-04-10 08:01:30,M004,dine_in,37.2,completed
4c2e8f2d-a2c3-49fb-b2e4-7e4bd80c847b,2025-04-10 09:42:58,M004,delivery,57.23,completed
a258b47c-0700-4eab-bdd1-cb1c3fcf5636,2025-04-10 09:52:08,M005,takeaway,113.16,completed
363ea07b-978b-4a2f-acea-92d4c781f56f,2025-04-10 10:43:38,M002,delivery,6.503172501030948,completed
f4a2acce-0797-4e95-aead-3568197aadb3,2025-04-10 11:05:14,M005,delivery,108.4,failed
24943c47-2dfd-433c-bb07-370d154721b9,2025-04-10 11:29:53,M004,takeaway,34.56,failed
9bd0efa2-710b-4326-9c59-cee81bb57e47,2025-04-10 12:53:56,M004,delivery,89.28,completed
15457d1d-7d5b-4317-82d3-1300651a75b1,2025-04-10 13:47:58,M001,takeaway,45.97,failed
257749d8-51d3-4f72-85c0-c1be052d67b0,2025-04-10 14:24:05,M001,dine_in,38.25,completed
59f8db01-92b1-4b68-9da1-f6dcffddbfeb,2025-04-10 16:22:13,M005,takeaway,97.04,completed
f0139495-6934-4057-b02b-86d60021ead5,2025-04-10 23:35:42,M003,dine_in,56.2,completed
5b57bb4e-80dc-4bcd-a72f-f9e9a92fe742,2025-04-11 01:11:54,M003,dine_in,24.11,completed
8bea4fcb-2907-4ab5-8cca-4a7d53d7609b,2025-04-11 01:57:44,M003,dine_in,21.68,completed
c15d39e2-fd7d-418c-b0a6-430250329b67,2025-04-11 04:55:28,M004,dine_in,9.04,pending
3017747d-91b3-42d8-9ece-60199e9034ea,2025-04-11 06:16:32,M004,dine_in,43.25,completed
1d9dcdf6-0ca9-4329-8bfe-07eb836e3f1d,2025-04-11 06:34:13,M005,takeaway,78.69,completed
31ebafc3-60ef-4d04-b3ce-8a04903b24de,2025-04-11 07:06:53,M002,takeaway,38.98,completed
a0422c9e-38f0-4d4d-864d-be4487932077,2025-04-11 10:11:04,M001,takeaway,61.52,completed
faa8a91e-e0c0-45bc-bf50-168811ce7505,2025-04-11 12:57:01,M002,delivery,50.17,completed
227cc419-af6e-4db7-9754-09864e4eae41,2025-04-11 13:38:35,M002,delivery,25.03,completed
f7273f9b-a533-45b7-9af4-e9b120d13497,2025-04-11 15:09:13,M001,dine_in,44.77,completed
b8967e26-af87-4f75-88e9-aa92188eef22,2025-04-11 17:24:07,M003,delivery,52.7,completed
76807069-b248-4a31-abb8-a340333373a1,2025-04-11 18:41:02,M004,dine_in,52.44,completed
a909b4bf-0d34-4598-8bf5-1a847834d073,2025-04-11 20:13:16,M005,takeaway,9.357675059038547,completed
2dd70e25-2044-4a34-be24-76173dca3764,2025-04-11 21:05:47,M005,dine_in,80.15,completed
8533747d-5faa-40a4-a6b5-232ca194947f,2025-04-11 22:23:09,M002,takeaway,93.72,completed
30dd1b64-00cb-439b-a6da-2894a47a10c7,2025-04-11 23:32:39,M004,takeaway,48.99,completed
36f5e433-2552-4876-9ca8-4d47287aeb08,2025-04-11 23:40:28,M004,takeaway,12.01,completed
ace4551b-53a0-42b3-80f5-5ac522732f12,2025-04-12 01:05:09,M004,delivery,45.04,completed
d39b765f-d32e-4ff1-800a-ae9a350cf04e,2025-04-12 03:14:31,M001,dine_in,56.76,completed
b36f89c1-81f0-44bb-99b6-877a708fede4,2025-04-12 03:39:18,M002,delivery,48.26,completed
7e35c832-b80d-4a5b-bb59-8fe3ce9612a1,2025-04-12 06:04:00,M005,delivery,49.79,completed
2f173155-b79c-4615-8805-b09a14de7b3b,2025-04-12 11:38:55,M001,delivery,48.23,completed
6c578971-435a-4200-aaa7-e29e79b9a2c8,2025-04-12 12:32:35,M004,delivery,5.24,completed
ad5d81d3-354b-4290-8864-cf572f609415,2025-04-12 15:22:13,M004,takeaway,21.88,completed
36359688-bd38-446f-9865-a037944e235f,2025-04-12 16:23:19,M003,delivery,32.67,completed
2e0c52e1-5898-46d8-908d-57da7647bd45,2025-04-12 16:45:18,M002,delivery,66.59,completed
570e44b0-ed6f-4704-8532-1e3b75c7e6f2,2025-04-12 20:27:31,M002,delivery,80.11,completed
2a8ef0e2-13ad-41a7-9a42-0889891912cc,2025-04-12 23:35:57,M004,delivery,74.85,completed
137723f4-056d-4b4d-8630-4fb75388e202,2025-04-13 00:21:04,M001,delivery,77.64,completed
f9a802ac-d50f-44c3-8a77-8ee0af9dfe11,2025-04-13 03:12:00,M004,takeaway,83.12,completed
a142176f-e2d5-46b8-b866-f87774e5b920,2025-04-13 05:20:13,M002,dine_in,106.6,completed
9bda4dc9-db4c-4a49-8d3c-54745cf29608,2025-04-13 07:08:21,M001,delivery,3.89,failed
c1a7b3ea-162a-45aa-930c-1e0f2f47f80b,2025-04-13 15:52:32,M004,dine_in,3.2199275422486586,completed
b94bd42a-43b0-43bb-82d6-dbceda2263e6,2025-04-13 17:04:24,M002,delivery,73.19,completed
23aae7a3-afd1-423b-b466-717d2b071741,2025-04-13 17:50:51,M005,delivery,80.38,completed
039d70f4-0006-4b7b-9646-d07b36aa05bb,2025-04-13 18:48:55,M003,dine_in,72.68,completed
ecc4d3c4-91fb-4d74-9b66-47aa75dc9795,2025-04-13 19:26:54,M004,dine_in,64.34,completed
1a36a015-3c37-478a-8d02-876ce679b5b2,2025-04-13 20:02:06,M004,delivery,69.78,completed
51a86040-8d0e-4482-b4a2-dcc09d94c894,2025-04-13 21:49:41,M003,takeaway,17.7,failed
88ed95b9-8c7c-4d63-8914-611c11806c05,2025-04-13 21:55:41,M002,delivery,22.55,failed
0e73a2f5-c5dc-48b2-88ef-cf55dfd5cd22,2025-04-13 22:20:53,M003,delivery,58.03,completed
46ea5264-a78b-4f5e-ae96-631fc160c25d,2025-04-14 02:26:15,M003,delivery,75.13,completed
3daafad7-d34a-47b0-a1b0-5b67606ca847,2025-04-14 02:30:04,M001,dine_in,87.05,completed
d4ebe617-90cc-4c9f-bd13-7040b385f762,2025-04-14 04:50:26,M001,takeaway,4.26,pending
4150045b-7c1e-4842-a6ee-157d664861de,2025-04-14 05:06:30,M005,takeaway,67.1,completed
9ba67db9-9fd1-48c3-8944-12cdcadf49d1,2025-04-14 08:37:43,M004,takeaway,76.2,completed
49c9e240-9f0f-45d7-9d90-ac354caf595a,2025-04-14 10:31:35,M002,dine_in,13.43,pending
0d68a6fd-00c8-4fa5-a0bd-21d4864f77cc,2025-04-14 14:17:10,M004,takeaway,49.28,completed
39808690-f438-4176-9aa6-a059b210b330,2025-04-14 17:07:25,M002,dine_in,58.55,completed
c34094c5-c70e-412e-8d03-6859f922b979,2025-04-14 18:25:27,M002,delivery,65.73,pending
e826da3a-bf2a-414d-b935-a0e194adf040,2025-04-14 18:40:34,M005,delivery,73.33,completed
71471f65-5d99-4598-99f9-81a05f12726f,2025-04-14 21:18:06,M002,takeaway,7.6516027834543525,pending
2ffd1d24-a6b5-4f35-bdf4-20bae5bc6463,2025-04-14 23:37:30,M005,dine_in,45.96,completed
4f77f01d-5a98-43f1-9d29-6fc2a53a6a84,2025-04-15 00:27:04,M002,dine_in,3.497182117524586,completed
646d3e08-8a49-499d-8749-fc84fa914ffd,2025-04-15 01:24:46,M002,delivery,76.66,completed
d7a28ece-39ea-4d3a-8028-2cdc7e5a57fb,2025-04-15 03:12:13,M003,takeaway,80.11,pending
eb6940f5-364b-4405-ab5b-2398df970028,2025-04-15 04:53:15,M004,takeaway,37.68,completed
b17ea7f4-9929-440c-bb36-5f05e65f8655,2025-04-15 07:47:40,M001,delivery,26.54,completed
71024444-8c95-44e2-987d-e01d085fd48f,2025-04-15 07:53:44,M003,delivery,57.95,completed
ae76e0b3-dce7-4bd1-9b9a-f10212a36891,2025-04-15 12:14:11,M001,dine_in,36.84,completed
8875921a-4b4c-4efc-bfcf-f9cc91e07ad6,2025-04-15 12:32:18,M001,delivery,16.38,completed
693d0de2-7771-421c-8105-34262126ab9e,2025-04-15 14:43:34,M001,dine_in,28.14,completed
094c86f9-3832-4cf1-bd05-621e4f267e82,2025-04-15 17:21:22,M002,dine_in,43.42,completed
c8ed1570-2464-466b-ac4b-942d59f41661,2025-04-15 22:56:52,M001,delivery,19.01,completed
80d1f317-0657-429b-b57e-7519c31aeed3,2025-04-16 06:30:49,M002,takeaway,45.16,completed
8c26aea6-81d7-4a26-bf6b-c8bba7897730,2025-04-16 06:48:14,M003,takeaway,39.15,completed
db047328-d076-4108-b925-48ca22784cf7,2025-04-16 07:27:35,M004,delivery,3.42,completed
51f554a4-d68d-41ca-a79b-fa218dcd6c21,2025-04-16 07:37:09,M005,dine_in,58.13,completed
aeb18b2e-b1d6-4044-a3e9-7a9b8221b4b5,2025-04-16 08:56:04,M004,takeaway,60.28,completed
7ab8eec3-f936-44fa-8995-e3750a1f1d56,2025-04-16 09:03:33,M002,takeaway,19.14,completed
7947a33e-62fb-4968-a1cf-a255aa763628,2025-04-16 10:42:07,M002,takeaway,81.41,completed
5d52e6a9-6f35-42de-8a60-0ba5e11806d5,2025-04-16 11:30:22,M004,dine_in,15.1,completed
37f5b4c0-3511-40ac-be36-2c3f98aadbdd,2025-04-16 16:51:34,M005,dine_in,57.54,completed
a995d7bf-ec88-4c02-ad69-ad68c4574396,2025-04-16 16:56:44,M002,delivery,27.16,completed
0795eba8-d426-4d60-b75d-5c6276738283,2025-04-16 20:39:32,M002,takeaway,20.06,completed
00b2e38b-2abf-411f-8d97-ecda38c5cbdb,2025-04-16 21:01:04,M001,delivery,84.36,completed
a14a4ee7-6a12-4538-9252-8737cd967334,2025-04-16 22:05:30,M001,dine_in,52.62,completed
f3b6a48c-5701-4053-8a5f-adde3ac826fe,2025-04-16 22:11:00,M002,takeaway,85.96,completed
0617ba77-ce35-43b5-9bd6-b4ef608142c0,2025-04-16 23:21:03,M004,delivery,59.51,completed
b2d818bd-5161-43f5-8707-223528cf88c2,2025-04-16 23:32:58,M002,delivery,35.49,completed
0b87d8fd-6ed6-4064-8026-5c7ee9e68de1,2025-04-17 01:21:12,M005,dine_in,44.27,failed
a8611ab4-dbbb-412c-afbc-f07e4ccc1ac8,2025-04-17 02:18:10,M002,takeaway,106.74,completed
05612ae1-1f1a-46aa-bbdb-704354e240a9,2025-04-17 02:32:21,M001,dine_in,30.58,completed
c0bc910f-b643-451c-a71f-f7169ad8896f,2025-04-17 02:44:53,M003,takeaway,11.29,completed
f3c5b8ff-eee8-42bd-a717-ee68ecefc0b0,2025-04-17 03:02:32,M003,delivery,21.0,completed
e8ad932d-08b3-41e6-8c3c-c701c7c6b2a4,2025-04-17 05:20:10,M004,dine_in,20.18,completed
9285e688-3102-46f1-9977-d4375a488e42,2025-04-17 08:21:36,M003,dine_in,93.0,failed
9562ba72-9c7c-45a4-a02d-8625be7e5bd1,2025-04-17 09:12:20,M005,dine_in,122.44,pending
cc4b11a8-2025-40a2-9dad-715b27d008a2,2025-04-17 15:18:03,M004,delivery,67.99,completed
22cbfd36-6681-404f-a7ee-727bef48fe1d,2025-04-17 15:27:15,M005,delivery,16.98,completed
03916add-6bce-4447-9ae9-32228ab52e10,2025-04-17 18:19:26,M005,takeaway,4.02,completed
1b70dc31-5f01-4e41-8150-ca7523e62855,2025-04-17 21:49:17,M003,takeaway,1.0925604634212283,completed
95c9f4a7-70cc-4e32-85b4-10558ba36567,2025-04-18 00:14:27,M003,dine_in,41.74,completed
e7bd3eb2-b73a-4662-be66-8442da554f86,2025-04-18 02:38:53,M005,takeaway,31.26,completed
c47dbca4-53f1-4110-8cf6-e311423dd533,2025-04-18 02:45:11,M002,dine_in,54.43,completed
2cdb4866-0424-4838-bc6d-37eb1529ce7f,2025-04-18 03:40:26,M001,takeaway,25.84,completed
7d4bda82-eca6-4034-96cf-643a7292e4d2,2025-04-18 06:36:19,M002,delivery,93.36,completed
c06e83ae-ed19-4024-8235-0ee016cee70c,2025-04-18 08:16:30,M002,takeaway,76.54,completed
f4a6a278-58f2-49b2-9c5a-429780789693,2025-04-18 10:30:01,M004,delivery,51.77,completed
f6531074-9873-473f-9344-4df58270e305,2025-04-18 14:24:53,M001,dine_in,88.69,completed
3b025878-c6e4-49b1-b1ea-cc9eadf457de,2025-04-18 23:56:11,M005,delivery,40.4,completed
ab444680-4a5a-4ee3-96bf-7230937dabaa,2025-04-19 02:23:05,M002,takeaway,51.49,completed
71cd2b16-e7f3-4741-80fc-3bdf9cd3d998,2025-04-19 09:43:29,M005,dine_in,51.96,completed
8e504d72-c1a4-4a05-a54c-674b9aaa45ae,2025-04-19 10:04:39,M005,dine_in,31.97,completed
13c13eab-659b-474e-9ada-38999ec3bca2,2025-04-19 11:15:55,M003,dine_in,120.0,completed
80afa71c-46c3-4b5d-81ec-e5404d548bb3,2025-04-19 11:52:42,M004,delivery,45.16,completed
651455fc-8b7a-4102-912e-99bf0b95cd48,2025-04-19 14:17:04,M005,takeaway,66.37,completed
de5d39d9-04d9-4d59-92dd-1b0954cf99dd,2025-04-19 18:15:30,M001,takeaway,25.93,completed
4cabca95-d9ca-420a-a268-96d7ba605888,2025-04-19 22:53:13,M001,dine_in,68.07,pending
60475e76-3bbb-4311-ad00-4ca2407a2bb4,2025-04-19 23:52:58,M003,dine_in,69.0,completed
974e8667-c204-4425-8b09-6257739c6b41,2025-04-20 00:08:17,M004,delivery,60.22,completed
63527315-f359-4df6-aac8-4d7f2de5d75d,2025-04-20 05:09:33,M002,delivery,60.06,completed
973d7db3-509e-40a0-adff-f5fcbb94438b,2025-04-20 08:57:56,M003,delivery,8.356670625754983,completed
6d71d632-a801-4b5d-99f5-6df67ba0aab9,2025-04-20 12:23:33,M003,takeaway,84.86,completed
07b5b74d-6dcf-46c5-adf5-a3e76d49416c,2025-04-20 13:09:58,M001,takeaway,52.35,completed
54137f7a-bbfd-4824-bc46-3d98c0975ed4,2025-04-20 14:52:27,M001,delivery,77.12,completed
2f25ca21-7a26-4151-b291-1e8342766947,2025-04-20 19:59:41,M003,takeaway,83.02,completed
29d70161-b1ee-4e9d-9971-8b0f102273b4,2025-04-20 22:33:20,M005,delivery,58.4,completed
46d1917a-3e7f-42c2-90be-46198a6ea2a7,2025-04-20 22:34:01,M001,delivery,4.45,completed
9becd9ea-03d9-475e-81ea-ec4f896ba0e2,2025-04-20 23:28:37,M005,takeaway,28.73,pending
f5ab45d4-2229-4139-8678-72d3f613b0db,2025-04-21 01:49:19,M005,takeaway,92.32,failed
44395c0d-4965-4bdc-8c24-7b15f1b3646f,2025-04-21 06:32:51,M005,takeaway,60.95,completed
6cd511e3-6488-4ec3-8af1-3ec800ce084b,2025-04-21 06:47:32,M002,delivery,63.48,completed
fd6b6912-4b0a-4067-b1c3-58d9a6f53ef9,2025-04-21 09:11:00,M005,dine_in,45.22,completed
fd4c0b04-2ea2-43a6-b2de-dff0dc73d6a9,2025-04-21 09:36:31,M003,dine_in,7.356215462997359,completed
77482aaf-db5e-4e68-b2b1-0905756b3fab,2025-04-21 16:04:45,M005,delivery,24.05,completed
6b3d06ea-28dc-413a-9a5e-891e16acddc1,2025-04-21 16:50:09,M003,takeaway,43.21,completed
e49443b2-7ff1-4d04-be27-27c313ecc31e,2025-04-21 20:15:54,M004,dine_in,21.58,completed
1fcb77ae-e64b-455d-8a4f-ae536c7b66b2,2025-04-21 22:25:23,M004,takeaway,70.02,completed
39b53ef7-a731-4904-ba4a-87f4139e7d96,2025-04-21 23:00:23,M003,delivery,22.42,completed
b4640e85-608a-4025-92cf-672572f12383,2025-04-22 00:38:33,M004,takeaway,36.92,completed
4f1ea77d-0e67-477c-b36a-4183e586bb21,2025-04-22 02:31:55,M002,dine_in,9.712687433056601,completed
11fa0f31-6486-4cd7-bb53-7452e650a09a,2025-04-22 04:52:43,M004,takeaway,71.64,failed
8f25ea29-1f5f-459d-81e1-d0b68d87d6b4,2025-04-22 06:34:35,M004,delivery,47.35,completed
cec87d00-9dda-45ac-ab04-ae6e24c2fd25,2025-04-22 09:36:07,M005,delivery,65.09,completed
6ae1dd80-00c9-4faf-b611-b30b5d146383,2025-04-22 18:49:03,M003,takeaway,43.43,pending
7f69e5db-460d-42fb-bf94-0540bdcf615c,2025-04-23 01:26:31,M004,takeaway,62.85,completed
b045663c-7775-4568-8756-c98e8859d452,2025-04-23 01:52:10,M004,delivery,52.85,completed
f3557f0e-fb42-4cdd-a554-68aff97970f2,2025-04-23 02:54:49,M004,takeaway,46.14,failed
b0e03726-cb97-4400-bd21-888ac306bad5,2025-04-23 04:59:07,M001,delivery,67.89,completed
53026e29-53a1-47ff-a493-55fcbba14b7e,2025-04-23 05:16:14,M002,delivery,69.26,completed
b571e192-a3e8-47af-9d7c-978d498c9b5d,2025-04-23 08:39:29,M005,takeaway,74.94,completed
6a046e62-d7e5-40c7-97eb-1ca0c0be024d,2025-04-23 15:24:05,M003,delivery,33.98,completed
4aeb7515-6214-461d-b394-9ec8d4f5e0ae,2025-04-23 19:14:04,M005,dine_in,56.11,completed
e49d4afa-a2a7-4b7c-9deb-21446bbfd3ea,2025-04-23 21:05:05,M004,delivery,47.75,completed
1dd8e81a-a6a6-44c8-adea-63634246e99d,2025-04-23 23:19:09,M001,dine_in,55.67,pending
17f7ccc7-b0ce-4735-84de-358666a30e9f,2025-04-24 06:52:14,M004,dine_in,96.58,completed
8492e06e-c749-4e1b-bd89-18735ef7ee59,2025-04-24 12:25:32,M001,delivery,37.8,completed
248237b7-2231-4d5c-b3af-03642895e136,2025-04-24 19:15:18,M004,dine_in,49.6,completed
134a785c-a296-4ead-8419-84e41d7252dd,2025-04-24 22:10:52,M004,dine_in,79.68,completed
32859571-2fc3-4ebe-88ab-8c187784f8e9,2025-04-24 22:48:40,M003,takeaway,83.77,completed
c559399c-d75b-4e23-aaec-67fb31c3bc70,2025-04-24 23:26:23,M003,takeaway,84.48,completed
3938fbcb-c274-4d04-bbaf-68e3aa47862f,2025-04-25 00:56:51,M002,delivery,14.59,completed
91905402-091e-40d2-a46f-a1d332361c30,2025-04-25 01:38:00,M005,takeaway,46.83,completed
97c6ef0f-23de-4826-a258-12db78157d89,2025-04-25 04:09:45,M004,dine_in,53.27,completed
609c58ef-56f1-42a4-ab4e-3009b49c091d,2025-04-25 07:54:55,M005,dine_in,55.93,completed
bd4ef55f-f46d-4289-95e5-bbf387d63c41,2025-04-25 11:25:35,M001,takeaway,25.39,pending
8b03ad61-604c-4110-9050-95704f88286c,2025-04-25 14:07:58,M001,dine_in,22.23,completed
f1462f10-a15d-466d-89e8-593e475faaba,2025-04-25 15:05:39,M002,dine_in,48.65,completed
6b855532-ac97-40a9-8272-5b9c7672fcae,2025-04-25 17:13:58,M005,delivery,71.71,completed
4f064316-bdb5-4f3a-9350-79ad697c2668,2025-04-25 17:44:47,M003,dine_in,50.91,completed
5f3cb2e4-9d3a-41ba-9d44-a782f6541e93,2025-04-25 18:42:42,M003,dine_in,58.48,failed
9f37f7ee-cbb7-4f6c-8515-71bd5306bf39,2025-04-25 18:55:01,M001,dine_in,66.7,completed
7df6490f-5670-430a-b72e-c3add158c1bb,2025-04-25 21:15:04,M001,takeaway,0.79,completed
55dc839b-b097-444b-b93a-1f21151bfa70,2025-04-25 23:24:00,M001,takeaway,62.28,failed
0320906a-9083-459f-9593-7ec5dcbf29f3,2025-04-26 00:18:48,M001,dine_in,54.81,completed
f9ed7d8a-0992-43e8-92e1-dc3cd9bc16f9,2025-04-26 04:59:13,M001,delivery,57.41,completed
a8cdabe2-d864-4966-a4be-a7b52d656a93,2025-04-26 05:16:44,M004,dine_in,72.91,completed
9aa1a645-ef65-405b-8349-39e114a489ad,2025-04-26 07:29:58,M004,takeaway,77.07,completed
a69a0ad4-9d0d-46be-a825-eb343c82cea0,2025-04-26 08:19:42,M003,dine_in,48.45,failed
219c4e53-fe12-4b55-8081-6e45489f5f0b,2025-04-26 11:32:32,M005,takeaway,76.97,pending
a7a65584-987e-4463-a7b9-9fa69ceb5c97,2025-04-26 12:48:31,M005,dine_in,20.92,completed
b45b37f6-81e2-4895-bf69-833996eca55b,2025-04-26 17:20:20,M004,takeaway,20.47,completed
978f229f-3869-417e-aece-dcefb3aa6de3,2025-04-26 20:21:43,M003,takeaway,36.46,completed
1e7dc46a-b97a-4d9a-9971-418685c3da08,2025-04-26 20:28:41,M004,takeaway,48.12,completed
0017e17c-f6b9-42aa-b2b7-3a8f2c479049,2025-04-26 23:57:02,M003,delivery,36.53,completed
5fd66fc0-2761-4a0c-a08e-45eaa4e8f67d,2025-04-27 02:27:31,M001,delivery,34.79,completed
f360cc2c-da19-4063-b3ae-ad9df4d12909,2025-04-27 04:15:59,M001,dine_in,33.74,completed
a8d3bead-dcc6-4fe9-aa59-2c5ba7182f09,2025-04-27 06:46:23,M005,takeaway,38.94,completed
ecb2e0e6-425d-438c-9be2-c1ef825b9c0c,2025-04-27 07:07:44,M002,delivery,24.25,pending
32446aab-6562-4010-81ce-00d7d3df1e8d,2025-04-27 15:12:44,M001,takeaway,5.513661643151497,completed
eb4c7348-ec14-4f9d-a50f-4db9aff07905,2025-04-27 15:57:17,M003,delivery,49.54,failed
77167a0e-a68f-4dcc-b329-0da664606fe6,2025-04-27 23:23:47,M003,dine_in,46.91,completed
627e88a8-3c6e-4e4a-956a-62918fc23f44,2025-04-27 23:47:56,M003,dine_in,104.35,completed
f14ba655-37b6-4dcc-ae62-f3a704ece49a,2025-04-27 23:51:52,M005,dine_in,60.6,completed
fab2f12f-23f7-4aa4-a9b5-4b5ddd8c6f38,2025-04-28 00:18:05,M001,delivery,56.1,failed
3291bbe5-8d70-46b6-a9cc-5ec4aa90f4bd,2025-04-28 02:56:16,M002,delivery,93.65,completed
09514186-775f-4bdb-b58d-2330d0113dac,2025-04-28 03:29:46,M004,takeaway,60.52,completed
5a111d96-9ff1-4e0a-bbe7-964c63798a19,2025-04-28 13:01:22,M005,takeaway,71.98,completed
633d58c4-f8de-4388-a917-6e86aca10cd3,2025-04-28 17:53:31,M002,delivery,100.43,completed
b08ddc7f-06a9-4a3d-b9ac-03ab2167d932,2025-04-28 19:36:56,M003,dine_in,55.77,completed
d9e21eb0-7335-4ef6-816d-2dcc9437c07f,2025-04-29 03:00:04,M002,takeaway,3.806914921873527,completed
d704698d-12f8-48f3-b808-be5abfef05bf,2025-04-29 03:33:10,M003,delivery,50.16,completed
6edb9dc1-7f27-4750-aca8-c10317772679,2025-04-29 05:48:19,M002,dine_in,70.91,completed
eed33665-b332-45b7-b182-c1b0ec95d60b,2025-04-29 06:22:55,M001,delivery,73.98,completed
cb10a74c-6c56-4ad0-94a8-98203f364e37,2025-04-29 07:14:21,M003,takeaway,49.07,completed
9f16bb19-477f-4308-a258-07c033594251,2025-04-29 07:52:53,M003,takeaway,88.24,completed
ca2061ee-58d6-438d-8c2f-d6507d35ac93,2025-04-29 10:30:57,M003,dine_in,3.389467666861651,completed
9478a244-1220-465a-b9e7-ab21fe0ee2d6,2025-04-29 12:05:46,M005,dine_in,53.05,completed
6a62ad18-4600-4af4-bf37-d7cdff9d4301,2025-04-29 16:51:56,M004,dine_in,28.66,completed
39015dd8-cf44-4060-b4cf-f5ae507d509f,2025-04-29 17:08:38,M003,dine_in,59.52,completed
73c8a14f-0df2-4c76-94e8-2c960a136472,2025-04-29 17:21:08,M001,delivery,74.84,completed
b8ed38e4-6e71-49e0-af2c-3b0dc0d98d3b,2025-04-29 17:47:01,M005,dine_in,42.34,completed
be848419-eab2-472c-bf59-09947f66bacb,2025-04-29 18:42:31,M005,dine_in,14.33,completed
abd101b2-9e29-444b-9115-e37247b89136,2025-04-29 19:25:28,M005,takeaway,68.71,completed
bf348fb3-1c35-4adf-8d94-792d636ddc2d,2025-04-29 21:44:20,M002,delivery,72.52,completed
f8272bf0-e0f9-404c-9748-f718a9315343,2025-04-30 00:49:57,M001,dine_in,50.21,completed
8ce267d5-6415-46db-9298-ece7115ab91d,2025-04-30 02:08:44,M001,takeaway,16.69,completed
cf1a5c98-1ade-42c6-bc1a-81a2eb267b06,2025-04-30 02:56:16,M004,dine_in,2.03,completed
75976198-582e-4e5e-b5af-9ea47939d4f4,2025-04-30 05:05:46,M003,dine_in,86.81,completed
91a46af1-8846-4f39-8173-566b099b09a7,2025-04-30 11:09:09,M001,takeaway,65.73,completed
aa613e15-3bdf-44bd-9054-14c527242d1a,2025-04-30 12:57:29,M005,takeaway,83.48,failed
c95bdad5-a518-4d5e-aa32-0d724a14c3eb,2025-04-30 14:56:16,M003,delivery,27.99,completed
3123625a-5353-428d-8d1e-caae3004bec5,2025-04-30 16:22:53,M004,takeaway,103.1,completed
6f2afbb1-13d3-45fb-9778-5a06b70a022e,2025-04-30 22:29:12,M003,delivery,37.7,completed
72fce81a-3a5e-4802-9c74-a2107cc4583e,2025-05-01 01:10:08,M001,dine_in,25.51,completed
aed6f344-9007-41bb-ab60-78563859c272,2025-05-01 02:24:16,M001,delivery,50.94,pending
b41d7f83-8d0d-4255-a61e-bafcb1a93201,2025-05-01 04:56:09,M002,delivery,63.56,completed
70c964f5-d46b-48a0-b9f1-92b12e88211c,2025-05-01 09:44:08,M001,delivery,44.59,completed
ecc073aa-8c06-4d41-8e78-b9972243e656,2025-05-01 09:47:46,M002,takeaway,11.53,completed
c0bceff7-cc2d-4c87-b0cb-18a3a054b4f4,2025-05-01 11:41:25,M004,takeaway,114.67,completed
ae65c8d5-cd67-4253-a608-76e3f370a44a,2025-05-01 17:46:07,M005,dine_in,37.17,completed
91bda41d-294c-4890-983a-c1cfe64f44e9,2025-05-01 18:38:34,M003,takeaway,67.38,completed
b51f4393-e6b2-4f20-bca9-9ba92a2c886a,2025-05-01 20:12:29,M005,delivery,23.42,completed
f8760850-1f2e-4d85-bfb8-8ebf31507b38,2025-05-02 12:45:54,M004,dine_in,77.01,completed
0de178b4-464a-4e73-b260-2aec258aa04a,2025-05-02 16:57:18,M003,dine_in,44.56,failed
5a0804af-a9b8-4e6f-b15a-871aad5dd172,2025-05-02 16:59:21,M003,delivery,35.05,completed
84e60d83-9e1e-4c36-9e53-4cf7dadc8212,2025-05-02 18:35:40,M004,takeaway,14.21,completed
ead01e16-22cd-4215-bce2-96077a317bd7,2025-05-02 18:56:55,M001,dine_in,41.0,completed
092cde0c-720c-4073-9d81-36d88abc7031,2025-05-02 23:40:54,M002,takeaway,54.35,failed
0538e959-4eb6-4fbf-b13d-0782b7eaed39,2025-05-03 01:46:15,M005,delivery,24.36,completed
31deaba9-deb2-4e5e-bc3b-dbc7ec5ab1ea,2025-05-03 04:34:11,M001,takeaway,80.82,completed
36b5eeeb-ec15-4412-b8e0-aa5a9900c98f,2025-05-03 06:41:20,M005,dine_in,1.8312447530024065,completed
9352ec97-9854-48bd-be9e-dd7967dfa4bf,2025-05-03 07:16:30,M002,delivery,57.11,completed
2f51c2fb-5a41-4e3f-86b1-fb65939043c6,2025-05-03 09:10:05,M002,takeaway,29.48,completed
7265ab87-6257-4a64-9655-a263bb0fb27c,2025-05-03 22:04:05,M002,dine_in,84.91,completed
d44acd6a-7517-49ff-94d6-2ed7090c8b04,2025-05-03 22:40:10,M004,takeaway,62.05,completed
ea8c844b-1d06-40ce-b369-d1990532121a,2025-05-03 23:14:08,M003,takeaway,7.86,pending
bde850cc-b198-4364-b993-87523135c31b,2025-05-04 00:47:10,M001,dine_in,41.12,completed
aed1dc7f-12d3-4573-ab4e-9823138d7a75,2025-05-04 04:34:46,M001,dine_in,47.17,completed
fa93802a-c7af-45d1-addd-f82804ae6bf1,2025-05-04 07:09:11,M002,takeaway,52.62,pending
803d1dc5-a394-4022-8187-8fbca4dfe5d1,2025-05-04 08:01:20,M003,delivery,33.98,completed
ab08ec4f-b170-48d7-80d9-e0d5170a2d9a,2025-05-04 08:09:51,M003,dine_in,56.9,completed
4ec44497-14c0-448c-b4ad-6312f2c3654a,2025-05-04 08:50:59,M001,delivery,84.71,completed
907575cf-1d6e-4bd8-a885-bb09703bd850,2025-05-04 09:14:43,M001,takeaway,89.42,completed
ef03d338-f52e-40a9-a0aa-110a184a93b2,2025-05-04 11:11:41,M004,takeaway,55.05,pending
9e197644-1c81-4d39-a4ec-df6b2d934e8d,2025-05-04 11:38:23,M001,dine_in,39.15,completed
3eaa2376-253a-4ecb-9a83-047bc2d0ca45,2025-05-04 13:46:19,M001,delivery,46.02,completed
b97c87dc-b151-44a2-97a8-119e0eae9208,2025-05-04 17:00:13,M004,dine_in,8.94,completed
ef534c38-2dc9-4600-aeef-08cf0a3923c6,2025-05-04 17:03:55,M002,delivery,42.76,completed
eb43e639-5f30-4c23-afde-4b8dffe72f58,2025-05-04 17:24:27,M005,delivery,32.81,pending
c8dc3159-fef6-4fe0-9717-de7eb95c33fc,2025-05-04 19:43:41,M005,delivery,36.81,completed
b459f58b-b5d0-421a-9dcc-bba2898f2dcf,2025-05-04 23:01:44,M004,takeaway,70.41,completed
9ef14f42-2027-4b3f-8361-75a76a082ca3,2025-05-05 05:07:04,M005,delivery,28.71,completed
cb7fdba9-b91b-4af4-b0ad-b2991fbbb37b,2025-05-05 06:34:43,M001,dine_in,65.64,completed
5b256137-c7f2-49d7-9d8f-019640bccd74,2025-05-05 10:43:43,M004,dine_in,50.69,completed
2e311c61-2237-49f8-bceb-281ef8a788a5,2025-05-05 11:24:08,M002,takeaway,45.06,completed
8e807e43-e6b2-47c5-904a-0f56feeff35a,2025-05-05 18:15:58,M004,takeaway,43.34,completed
33d1f85e-7dde-4288-85bc-caaca421d3b2,2025-05-05 19:08:25,M004,delivery,71.6,completed
1b07f001-049d-438a-b10d-96329b92ee15,2025-05-05 20:30:04,M005,dine_in,105.4,completed
a19b231c-2621-48e1-85ca-01778d09736d,2025-05-05 21:09:20,M003,dine_in,78.84,completed
46708ec1-742a-4470-8cd7-98de20714987,2025-05-05 23:03:44,M002,delivery,47.2,completed
6e5dae48-9004-40d9-90c3-3e36925affb3,2025-05-06 00:32:17,M004,dine_in,129.9,completed
c66e4930-a9db-4106-bc0b-9533fbfdd613,2025-05-06 01:44:05,M005,delivery,16.76,pending
9a4963eb-8a3e-4559-a71d-102e5a218ef6,2025-05-06 02:48:14,M005,takeaway,21.07,completed
532b25cd-8f94-4ab9-a587-90bc5ae42f6c,2025-05-06 04:36:10,M001,delivery,26.63,completed
574c506a-5d6b-4eb2-8a77-4d319e109d07,2025-05-06 04:52:33,M005,dine_in,36.36,completed
6de8f422-8112-47dd-afa4-d6df5bda64ca,2025-05-06 05:34:31,M003,dine_in,56.21,completed
44fd0ae7-c92f-4bf4-b33d-2019b75251dc,2025-05-06 10:19:22,M001,delivery,61.76,completed
fd2142fb-6734-44ae-9ea2-76813d6f0ea2,2025-05-06 14:22:52,M005,takeaway,97.57,completed
aceecb09-612c-4f14-a100-6efac50eb9d5,2025-05-06 14:45:13,M003,dine_in,75.3,completed
0416c129-02a1-42a5-8c22-beb6c27a19ca,2025-05-06 19:45:47,M003,takeaway,85.14,completed
362818b2-4b96-4895-95bf-72ff356c3645,2025-05-06 21:12:20,M005,dine_in,25.59,completed
cef900df-426b-4afb-824b-b10882e92a4a,2025-05-07 08:34:36,M005,takeaway,41.91,completed
146a7339-a38c-414d-8835-48d8f1a4bc7e,2025-05-07 12:26:45,M005,takeaway,74.38,completed
59874f18-c5cb-4ba1-aea3-65b3582d5072,2025-05-07 12:40:21,M001,dine_in,59.12,completed
fe640e9c-c569-4549-a97b-84701e719ec6,2025-05-07 12:48:56,M002,delivery,56.31,completed
469ed4ae-f547-4d3b-87e5-69860c4eb4a6,2025-05-07 15:16:31,M004,takeaway,8.632983115140672,completed
4bcfd2b1-3229-448e-bcfe-6312cbbce59d,2025-05-07 15:37:34,M003,dine_in,60.16,completed
ab5f7aaa-be46-44d8-84f2-bd033d508116,2025-05-07 16:39:51,M001,dine_in,36.14,completed
a013230d-4414-42aa-9ef4-589b5481c37d,2025-05-08 01:05:40,M001,delivery,29.51,failed
6199a637-0451-4177-8b58-0ad96c853ac7,2025-05-08 03:01:37,M001,dine_in,54.5,completed
19e0bb92-f230-4e56-8c1a-7fda1672fa53,2025-05-08 03:05:12,M005,dine_in,15.6,completed
9e118d00-ca93-4ad3-85e1-a5728f299661,2025-05-08 04:47:35,M003,takeaway,80.86,completed
05047117-e982-4ea8-a991-3a40b1649382,2025-05-08 09:18:29,M002,delivery,2.9120254947592565,completed
44d80019-b5fc-4318-a647-ef2e8833e86d,2025-05-08 12:32:54,M004,dine_in,84.97,completed
4f65798e-50af-48d1-9544-8701e8318cc8,2025-05-08 17:10:53,M004,dine_in,16.66,completed
ecd8df18-53da-43bf-b1f8-ed43cff1f405,2025-05-08 17:23:10,M002,dine_in,57.51,pending
0390c28f-f275-453f-84e9-d39fc66fb352,2025-05-08 19:57:49,M002,delivery,30.04,completed
7c987047-7c3e-4b9a-aac6-4c0d166f10e2,2025-05-09 04:11:56,M002,dine_in,64.82,completed
3d278086-b63d-4872-b6ce-5e569408676e,2025-05-09 07:44:26,M002,delivery,20.8,completed
474c6308-6119-455c-b3ae-4bee63498caf,2025-05-09 08:12:41,M002,dine_in,52.4,completed
7795e283-7603-4b2d-8dc3-568c3fbcd2ab,2025-05-09 10:59:14,M001,delivery,57.19,pending
33b178ad-63dc-4dd4-ac87-8a57f58d184c,2025-05-09 11:10:09,M001,takeaway,17.06,completed
054c84b7-63d5-4447-b229-16c9e975f35e,2025-05-09 19:59:44,M001,delivery,46.25,completed
08cdffb6-fd91-4f98-beb8-08ece6636159,2025-05-09 23:20:56,M003,delivery,30.6,completed
83fa392a-a38e-4d70-99ef-7739bb917e80,2025-05-10 02:58:40,M002,dine_in,14.87,completed
e6d6b748-7c4e-48a9-b7d6-c5decb71e0dd,2025-05-10 04:01:03,M001,takeaway,32.96,completed
31e4fe9b-d2ed-4f22-b60c-6454b0900d6f,2025-05-10 04:35:36,M003,takeaway,58.5,completed
a5aee033-3cd3-4617-b429-ba7b1e3c7f3d,2025-05-10 05:13:28,M001,dine_in,54.07,pending
bb82dcaf-a1f0-41a4-8608-c7992ddf1b00,2025-05-10 05:40:33,M003,takeaway,27.64,completed
cb79f842-fd6c-4e09-b3cc-960354c179dd,2025-05-10 10:08:11,M001,dine_in,40.8,completed
8c4013fd-cd3f-442e-a3f2-3c2ac9bf5fbc,2025-05-10 10:47:16,M004,takeaway,66.14,completed
61777441-59d3-458e-8c8c-0977ef2b3fc9,2025-05-10 11:51:00,M003,takeaway,64.99,completed
022d29af-1aa5-4a80-83e4-9b5149cc2d93,2025-05-10 12:12:28,M005,dine_in,12.4,completed
f59f6deb-280e-4d03-bbd6-56eaaa42b5a0,2025-05-10 16:20:49,M001,dine_in,37.67,completed
99f4baca-a4d2-4270-a0d1-6d095361d450,2025-05-10 19:35:32,M002,delivery,62.44,completed
3974be0c-2a11-4a8b-bfa0-5951465c3d19,2025-05-10 20:58:28,M001,delivery,81.5,completed
ee8bc4a9-5968-4fb1-8c7b-20a019585ea1,2025-05-10 21:44:59,M001,dine_in,20.57,failed
74a43c69-8d66-4e69-8243-a082833c8f48,2025-05-11 01:56:13,M003,takeaway,23.8,pending
88aced76-59b6-4597-b62c-9f1799190723,2025-05-11 02:43:07,M001,dine_in,95.94,completed
36c8c3aa-eff3-4c23-9cc3-b391b575509c,2025-05-11 06:12:25,M005,dine_in,32.4,completed
bdb6b068-5278-414b-8427-e7720e8768ec,2025-05-11 08:48:02,M001,delivery,54.3,completed
505be468-f80a-4d0f-a7cb-c9be172cd1e7,2025-05-11 09:56:29,M005,takeaway,55.7,completed
7847d256-439b-4bfc-848f-e0a590a61850,2025-05-11 10:33:14,M002,takeaway,64.13,completed
e483f10a-af9b-469f-a63e-7f1ac0b0cfff,2025-05-11 11:05:24,M002,dine_in,41.13,pending
c8543e67-a234-4ca8-acf0-0aaf00a9b669,2025-05-11 13:28:35,M001,takeaway,71.86,completed
94179437-0345-4098-ab10-30076aee7451,2025-05-11 15:26:37,M005,delivery,64.4,pending
40ab3168-0c94-470c-94ba-518c585010e6,2025-05-12 01:00:01,M004,delivery,0.41,completed
ad1ede37-5e04-48b8-acf7-3e04c0d770eb,2025-05-12 01:28:50,M005,delivery,4.9851832288936375,completed
8cf26165-ed82-4aed-ada2-698b3b44033c,2025-05-12 01:45:53,M002,delivery,12.8,completed
60da7448-2e9d-4475-8a79-153db81da4e3,2025-05-12 01:55:15,M003,delivery,60.05,completed
3f7b4d8c-06e5-4d2a-9ce5-2dfcf73f9dcf,2025-05-12 08:00:19,M002,delivery,85.0,pending
7f68f02a-761f-4ed2-89c2-a73e3e5ec9fd,2025-05-12 08:40:49,M003,delivery,24.79,completed
ada86979-38b1-4612-94ed-d50e71c3ba82,2025-05-12 09:37:32,M004,takeaway,58.44,completed
469ab615-52ef-4256-9914-aa964ebbfcb2,2025-05-12 13:24:26,M005,dine_in,44.25,completed
d9365eae-8437-4552-9604-a2d711b26bdf,2025-05-12 13:52:02,M002,dine_in,105.85,completed
5b78703c-2738-4dec-bf12-57afecccb227,2025-05-13 06:19:12,M001,takeaway,44.84,completed
7fe893dc-fc00-440f-a2cf-8268bd566dfe,2025-05-13 11:05:55,M002,delivery,44.01,failed
5604ce1b-b92f-4224-8a85-cca7a2872f01,2025-05-13 11:22:12,M004,dine_in,24.72,completed
674c3df2-e1d3-4ed2-b261-350891e2ab4e,2025-05-13 15:03:16,M005,takeaway,41.99,completed
4f73a295-ece7-4ca4-b3b1-48563d97333d,2025-05-13 15:13:20,M001,delivery,50.9,completed
27264c9f-24b7-4739-b934-9a99c72ec54d,2025-05-13 15:29:53,M004,takeaway,30.41,completed
381bffc1-530b-48a9-b0cd-c3721d59e924,2025-05-13 18:04:40,M005,takeaway,2.465118902856064,completed
dd444ef4-0577-482b-91ec-925998b5c218,2025-05-14 01:51:10,M003,takeaway,86.83,completed
026432c6-ec60-4337-9d52-76da1944efc4,2025-05-14 03:05:14,M002,dine_in,23.36,completed
6cedbb75-7ae3-4507-9030-77351bf4f3c2,2025-05-14 03:18:24,M002,dine_in,56.67,completed
89e1b1eb-bcea-48b0-b32a-501e4fb9c57f,2025-05-14 07:02:57,M005,delivery,27.47,completed
4d43034d-197d-4a19-ae26-5009550e5d37,2025-05-14 09:23:47,M004,dine_in,78.89,completed
27f713c8-b205-4bc0-96cb-eb07561728ae,2025-05-14 14:28:44,M003,dine_in,3.78,completed
255404c2-da34-4dbb-89ab-85f9df40abd4,2025-05-14 20:15:21,M001,takeaway,43.73,completed
fd47c7b2-6346-43dd-bb72-571d36def059,2025-05-14 23:45:28,M005,takeaway,24.39,completed
49f59c87-edf3-46d8-a4f7-9ab777d039aa,2025-05-15 00:52:07,M004,dine_in,67.3,completed
ab5359e4-ca35-4bdb-bdf8-683d707d4a3c,2025-05-15 01:41:40,M002,dine_in,46.94,completed
6796ed11-9732-483d-921d-c9a51a7375d6,2025-05-15 05:19:31,M003,dine_in,33.55,pending
e250038b-7ec9-42fb-841f-aad532280eae,2025-05-15 09:05:53,M005,dine_in,32.63,completed
e3e32fa7-4f41-4e47-b90f-49ef2aee8624,2025-05-15 10:42:14,M002,delivery,21.72,completed
7bc471c5-632f-48af-bc64-167634b70ef0,2025-05-15 14:20:55,M001,delivery,20.23,completed
eaeb2961-3ec4-4f58-85c5-4785d6f493cf,2025-05-15 16:21:50,M005,dine_in,12.42,completed
63eb36f8-c4db-4b88-a92c-15cb6875019c,2025-05-15 17:35:50,M005,takeaway,51.16,completed
0b98a61b-9231-4f4c-897e-39876077c693,2025-05-15 17:43:22,M004,takeaway,51.52,completed
bf351815-be2c-40a2-9fe1-01674e2a14da,2025-05-15 20:10:43,M005,takeaway,72.87,completed
6af3fa69-52cb-47b3-b71f-5437015cb91a,2025-05-15 22:18:59,M005,dine_in,81.75,completed
cb5009bf-6c3e-40ee-98f7-c44d658ce93c,2025-05-16 02:22:07,M004,dine_in,9.65343092116701,completed
290aab5e-da30-4574-868c-f9a4fa2e7c16,2025-05-16 03:11:07,M002,takeaway,86.41,completed
34738dac-dc70-4f1b-bd48-1e1a81be42f5,2025-05-16 06:00:08,M001,delivery,77.39,completed
48666156-3717-426a-8abf-2b9dc7d88dbe,2025-05-16 06:07:01,M005,takeaway,27.95,completed
0807fe0d-974b-40c3-8f37-5c03ad65529e,2025-05-16 06:36:42,M002,delivery,66.53,completed
500959bb-c9a7-431a-bc47-ee007bc9bb83,2025-05-16 07:12:50,M004,takeaway,31.16,completed
95c8d9c6-56f4-479c-aa5e-a7acce43565b,2025-05-16 07:15:07,M005,delivery,53.21,completed
e85ee3da-be40-4a5d-ac44-7c031e8c1c5a,2025-05-16 07:23:42,M004,takeaway,2.4,completed
b2d231d5-b540-4157-9932-ee146af2f850,2025-05-16 08:44:51,M001,dine_in,72.41,failed
431a5a92-d1f5-4314-9849-ed4386d53ed8,2025-05-16 10:23:53,M003,dine_in,49.1,completed
caee0c88-e513-4358-b6ae-723d640767e8,2025-05-16 11:05:52,M004,dine_in,65.89,completed
ff3cf37e-1686-4c63-9c1a-f5052bcf9136,2025-05-16 14:55:54,M001,delivery,76.19,completed
c6376a51-7a5f-4c37-b12d-4f27ab2b3a60,2025-05-16 18:15:25,M002,takeaway,58.06,pending
785aa2df-5036-42c8-9f9f-6efa70dcd109,2025-05-16 23:43:36,M005,dine_in,93.78,completed
31c7363d-520e-4cff-9472-302876ffff0f,2025-05-17 00:36:31,M004,takeaway,52.89,completed
ff4997c2-5dff-46c0-90ad-afb52fce9b16,2025-05-17 00:47:59,M001,takeaway,5.238642271912601,completed
a4f2c6cd-0cdc-4fee-8d7e-d1a24a187cbb,2025-05-17 01:05:41,M001,dine_in,25.15,completed
7bf6a101-603f-4752-b4c1-c8468e0a3bf5,2025-05-17 01:16:46,M004,dine_in,30.63,completed
51d2b5ac-c27f-48b1-a3c6-73b37062da2e,2025-05-17 11:06:25,M001,dine_in,18.97,completed
300c15bf-ebc1-4dc7-8047-77c2d37c5c83,2025-05-17 11:31:06,M003,dine_in,40.89,completed
0cb57319-b6b7-41b0-ab27-1b2d053ad578,2025-05-17 13:07:23,M004,takeaway,7.010811160307321,completed
96df241c-7c7b-45ef-9420-d46fddb0d1f1,2025-05-17 13:27:15,M001,dine_in,1.5562761462030037,pending
30533230-63c2-4973-b9f2-f95b75ad3776,2025-05-17 21:16:01,M002,delivery,23.76,completed
7ac0ff10-c897-4424-9f9e-016916ef5f76,2025-05-17 22:23:56,M003,takeaway,32.8,completed
312598f9-c56a-4782-9d28-18761ce4e4df,2025-05-17 23:22:09,M005,dine_in,61.45,completed
67efd46d-b3e6-45ac-9cdb-b5649c7eade0,2025-05-18 03:57:43,M002,dine_in,51.83,completed
a46d9133-3138-4a5f-b398-332c62da5bf2,2025-05-18 06:06:22,M003,delivery,65.11,completed
f03552d9-93f3-4620-8b23-ac473cea6ac6,2025-05-18 06:50:59,M005,takeaway,37.1,completed
caf3e99a-44af-48a3-8aa4-5bf45aa0a626,2025-05-18 07:35:46,M005,takeaway,7.760594232586385,completed
1e025402-e8cc-4d6d-9ace-3ea401379d75,2025-05-18 08:07:03,M001,dine_in,82.53,completed
b6c67c13-be99-4a5f-b868-3a8e2ecf8c80,2025-05-18 10:56:52,M004,takeaway,7.98,completed
aa68b3bd-cbd4-4664-bb11-2724104e9cd0,2025-05-18 13:49:37,M001,dine_in,82.69,failed
3ab71a6b-e023-41b4-8435-c86184fc84bf,2025-05-18 17:02:24,M002,takeaway,72.03,pending
93938742-6a7d-4782-8f26-e8951574e56c,2025-05-18 17:52:25,M001,delivery,73.49,completed
51bcb420-5b4d-4ee0-a3db-49b38b3577df,2025-05-18 18:36:24,M004,takeaway,17.88,completed
a3ed182f-b629-4c31-ba62-a2a51010db0c,2025-05-18 19:07:07,M002,takeaway,84.99,completed
bc53e254-01b0-4865-9310-095d0bd3381d,2025-05-18 19:27:03,M003,takeaway,30.53,completed
5cf8ac39-d76e-467b-b3e2-2bc86ae8e574,2025-05-18 19:29:40,M005,dine_in,49.84,completed
468d7e6d-29fb-4e4e-836d-50855757f0a5,2025-05-18 22:59:23,M004,takeaway,67.8,completed
a3816fe0-ab76-4859-97a9-fb509014bb12,2025-05-19 01:40:59,M003,delivery,43.87,completed
cc410a9d-ff00-4c12-a0ec-e827e1f91b5b,2025-05-19 03:05:19,M004,takeaway,68.33,completed
549d47e8-a2f2-480d-ac64-0d0843fa9109,2025-05-19 05:35:35,M005,takeaway,88.62,completed
3a153c0c-2eb5-4808-98d6-b1fda752400f,2025-05-19 05:45:53,M003,takeaway,17.16,completed
77658732-0a47-4989-b868-04633d216a57,2025-05-19 06:17:53,M001,delivery,69.06,completed
ead47f16-ff9e-4b76-85cf-d859a2b4368a,2025-05-19 08:33:30,M003,dine_in,93.67,pending
51235cbd-a2aa-4e7e-a278-282ce8a0f329,2025-05-19 08:47:03,M005,takeaway,21.04,completed
9863bee8-97b7-471c-93e2-1c9e277f3e5d,2025-05-19 09:28:24,M003,delivery,30.52,completed
485cd61b-08c0-4094-89a2-e7ed513e8cee,2025-05-19 11:44:51,M005,dine_in,74.03,failed
f84540eb-0825-4ba5-9a03-62c05c069b62,2025-05-19 13:30:11,M001,dine_in,45.94,completed
84bca62c-45f9-4eb4-9233-7e2a0ee65ec4,2025-05-19 16:59:57,M003,delivery,75.09,pending
ac84c676-5368-43f0-9325-d51f81481e0e,2025-05-19 19:57:24,M005,delivery,64.48,completed
1e48e5b0-14b0-4fe4-8f18-c433def7c531,2025-05-20 01:44:59,M002,takeaway,7.784812744389217,completed
512cdba9-79b1-4ab9-aaed-9090d616f285,2025-05-20 07:50:47,M001,takeaway,50.45,completed
8ac0783b-3e74-444e-a3ac-65d727f6c399,2025-05-20 09:02:33,M003,delivery,109.45,completed
fe42151f-fce2-4aa5-bf39-6666ad84722f,2025-05-20 13:52:31,M005,delivery,76.36,completed
470c6b5a-7064-47fe-917c-813a3c5ece4c,2025-05-20 17:24:25,M003,takeaway,57.21,completed
fbc028ba-d821-423c-a4be-f65d867a850c,2025-05-20 20:14:00,M005,takeaway,60.67,completed
29abd340-3f58-4f42-9fd6-b041b0d03cbc,2025-05-20 20:48:50,M005,delivery,6.56,completed
2705fd06-d124-4c52-a4eb-676913107e61,2025-05-20 21:09:14,M004,delivery,29.34,completed
52ac2a97-101a-49a6-a3c0-c19d248732c4,2025-05-21 00:13:44,M003,dine_in,28.75,completed
b19f1d1a-e852-40e3-8771-14f0150e8bd9,2025-05-21 00:32:09,M003,takeaway,39.41,completed
9bb4d296-3537-423f-b5fe-56d1093f475d,2025-05-21 01:50:32,M002,takeaway,7.62,completed
dda92f41-edf9-4552-a435-1a5abf3ff351,2025-05-21 03:43:26,M005,dine_in,43.85,completed
0699017a-95c2-435f-8840-fcc55b0e9713,2025-05-21 04:32:05,M004,delivery,78.43,completed
fd2a46de-0e05-4984-b531-6a6b60de3a19,2025-05-21 05:01:40,M002,takeaway,49.58,completed
d6e395d3-fbe2-4f22-8a30-9e830ff9ff71,2025-05-21 05:38:16,M005,delivery,34.18,completed
fd12262b-a67e-435c-840e-0445bbe6bc7c,2025-05-21 08:04:32,M005,dine_in,71.07,completed
2cdcc67b-6dbf-48c8-b587-648b3da5e21d,2025-05-21 14:15:30,M002,delivery,53.57,completed
929cdcf1-c39c-421a-823a-0bcfa737ed5f,2025-05-21 15:20:06,M001,takeaway,6.93,completed
c78122d7-0264-4963-ab92-1b22afd2de2f,2025-05-21 18:00:34,M004,dine_in,66.93,completed
355aa9cf-ecee-40ff-82e4-81d9597b0b08,2025-05-21 22:19:25,M001,delivery,36.56,completed
d6f569b2-2de5-4500-ad9d-1365bac3ec39,2025-05-22 01:41:59,M005,dine_in,78.35,pending
d02f76e9-7f7c-4864-a213-f4561c139cb5,2025-05-22 02:50:03,M005,takeaway,52.66,completed
dd0abc14-0a4c-41aa-aeb0-022efc7e1511,2025-05-22 06:36:04,M004,takeaway,27.92,completed
8aaabe76-a677-4451-b037-853db544dc87,2025-05-22 07:30:06,M001,dine_in,85.82,completed
3533f3d2-4c90-4b2f-9b97-c03973970ecf,2025-05-22 08:25:46,M004,delivery,44.33,completed
e9b683b7-6955-4eb7-864c-d6d45fb43373,2025-05-22 08:26:21,M001,delivery,81.38,failed
bcefb653-7b34-430f-b23c-c5d971781b56,2025-05-22 08:40:43,M002,delivery,59.86,completed
337e7602-c7f7-4a78-bb39-b7ec52688908,2025-05-22 10:00:27,M004,dine_in,57.85,completed
49dd3820-ba5f-4da0-9d5b-d9bd42105528,2025-05-22 10:34:41,M001,takeaway,47.68,completed
60a7fddc-58a9-41e9-a32c-f9a2f52284be,2025-05-22 13:06:11,M003,takeaway,58.9,completed
121873e3-2f1f-4487-a0b4-7d57e765a1b8,2025-05-22 13:18:23,M004,takeaway,111.82,completed
08ee50a4-6fe0-469a-acaf-ab0e6341e4a5,2025-05-22 16:51:51,M001,takeaway,23.17,completed
cc804339-70d9-4f70-ad08-e35d0807f38a,2025-05-22 20:17:36,M003,delivery,102.49,completed
72d39dbb-2e1c-4ab0-85d1-8c3d7431a9a3,2025-05-23 00:45:50,M001,dine_in,29.92,completed
8f8507c3-cfe5-4d4b-b736-0eee11745ea1,2025-05-23 05:38:23,M002,takeaway,50.51,completed
c09fb269-d1dd-4288-b022-1eb723854ee3,2025-05-23 05:41:38,M001,takeaway,7.79,completed
28d94118-8cf1-43c5-b0fa-e1ed096de4b8,2025-05-23 07:06:58,M005,dine_in,79.13,pending
c9ac8738-2269-4ddf-bfbd-263167cf10be,2025-05-23 09:12:40,M004,delivery,55.75,completed
257e2db2-1142-439b-959f-82b866e0d83b,2025-05-23 09:37:34,M002,dine_in,82.26,completed
d341e90f-216a-424e-948d-89b01b3f6933,2025-05-23 17:49:20,M001,dine_in,45.35,completed
769b0015-5f24-4276-b3bc-ca6c527a35c2,2025-05-23 20:03:24,M002,takeaway,44.24,completed
87956926-9787-4ff2-b372-bb7f97233822,2025-05-23 22:59:19,M002,dine_in,28.24,completed
07e0bcc9-4dcf-46b5-bace-73b5aabe6c41,2025-05-24 00:05:39,M005,takeaway,40.54,completed
69d099a7-5822-4b71-b669-a982c4ef60f2,2025-05-24 01:12:02,M003,dine_in,26.11,completed
47e413b2-6d08-4e1c-832b-196635bd70a6,2025-05-24 03:06:14,M003,delivery,18.1,completed
bb17473e-53de-449d-a27f-0e36b5f68798,2025-05-24 05:02:16,M004,delivery,11.66,completed
a333d88e-a647-439f-a392-6c9a60a7b123,2025-05-24 06:26:47,M005,takeaway,30.49,completed
d8c723e1-04f7-46a6-bebc-5130b973af80,2025-05-24 07:22:20,M004,dine_in,68.21,pending
31030556-d8f1-4bbe-bc1d-d00980cccdae,2025-05-24 09:06:01,M002,delivery,55.11,completed
13ef6250-887d-48c3-bd73-536e7d5cfa72,2025-05-24 09:20:31,M002,takeaway,18.9,pending
471d69d2-f402-4a15-9353-c9e167cea765,2025-05-24 11:48:17,M003,takeaway,91.92,pending
5034ee8c-d0d2-4b49-b1d6-20f9ea7bc572,2025-05-24 13:57:43,M002,dine_in,34.2,completed
ea896ee8-9ae2-4042-b297-107d8effe359,2025-05-24 16:04:31,M004,takeaway,63.61,pending
1a074859-871c-4d29-8627-852da8c09258,2025-05-24 17:14:33,M005,takeaway,5.41,completed
58d7540f-4caf-45eb-9f30-d953917c91b3,2025-05-24 18:16:08,M005,dine_in,76.7,completed
13be85d2-41cc-4d08-9386-5446edfe05cb,2025-05-24 21:42:24,M004,delivery,56.72,completed
326a4677-2145-436c-aa41-1b377f873287,2025-05-25 01:23:37,M002,takeaway,10.01,completed
53b43b86-2751-4602-9b11-eb5f78ee9ed4,2025-05-25 01:35:32,M003,dine_in,13.64,completed
bbd2015e-c24f-4356-a59a-485f48cdbe65,2025-05-25 08:03:07,M002,delivery,30.63,completed
61d80af0-f086-4b52-8e45-7b153183e0d6,2025-05-25 09:16:28,M004,dine_in,61.17,pending
ccd3c7f0-a1d7-40e4-9561-6af6da178784,2025-05-25 10:39:38,M005,dine_in,84.73,completed
5d962d49-3daa-4b21-879c-e4a2bb00c7b0,2025-05-25 11:22:59,M002,takeaway,50.91,completed
c210d911-bccf-4bc7-bfc2-8e531c198624,2025-05-25 12:31:52,M001,dine_in,48.17,completed
94fdfbdc-b25c-4f55-aca9-9c61b5766b78,2025-05-25 13:48:40,M004,takeaway,65.87,completed
d53cc556-ea0e-475b-9ab0-64850c3572b7,2025-05-25 14:15:07,M004,delivery,38.1,completed
ce1b260a-2921-4a0e-ae58-38320edd0d96,2025-05-25 16:55:59,M004,takeaway,71.75,completed
ee3d132b-fa7c-4c9e-9026-727df784adc4,2025-05-25 20:47:07,M004,dine_in,55.88,completed
05dec075-b746-4d2b-8521-0481e53fa153,2025-05-25 22:27:58,M003,takeaway,13.57,completed
f720e64e-347a-4ce2-a2af-9b154180cbc0,2025-05-25 23:50:49,M003,delivery,42.42,completed
1010fda9-b26e-4c4b-8525-4b09717807c2,2025-05-26 00:26:32,M001,dine_in,57.59,completed
b17e86b8-ab3b-4bde-9da2-d58a71186053,2025-05-26 05:07:05,M004,dine_in,21.99,completed
922ebd08-aa21-4ff0-8db1-ae9688dd19e0,2025-05-26 09:22:36,M003,takeaway,75.01,completed
3127c568-e204-4053-9068-022f78c24c09,2025-05-26 12:36:57,M002,takeaway,6.356915507141872,pending
c0c420e7-d031-4c1a-9f71-6fc1406603f3,2025-05-26 17:08:32,M003,dine_in,64.5,completed
63508e5e-b762-441a-9d1d-e3853625477f,2025-05-26 17:50:56,M005,takeaway,3.857947302318296,completed
b51e80ca-54f8-44c6-a7e4-aa6721095dad,2025-05-26 19:31:11,M002,delivery,27.66,pending
9c889163-6587-408a-9f46-e35885bea050,2025-05-26 22:09:33,M002,takeaway,24.56,completed
d16ee906-27cb-450e-85dd-5b3b835107ca,2025-05-26 22:30:43,M004,delivery,64.99,completed
a8cc89da-7555-487f-af5b-0f0964778b59,2025-05-26 23:35:31,M003,delivery,16.07,completed
9fcd58cb-97ce-474c-8239-1bf492c7938c,2025-05-27 01:11:32,M004,delivery,52.19,completed
a9c7f514-f456-43a0-9b3d-296d83c9eaf0,2025-05-27 02:40:28,M003,takeaway,95.64,completed
907d5aaf-6a60-4777-8706-147c976147ce,2025-05-27 02:55:08,M003,delivery,53.61,completed
c462f288-d859-4823-9caa-cad8ee089b27,2025-05-27 03:21:26,M002,takeaway,45.8,completed
262e71a6-8daa-417e-b8c1-672f419263cf,2025-05-27 05:48:52,M002,dine_in,83.78,failed
42883026-9b7b-439d-94b0-f88fd3fab368,2025-05-27 05:52:54,M004,delivery,119.86,completed
82fc5514-4d71-448f-8024-0b84948afe16,2025-05-27 07:45:52,M005,dine_in,57.1,completed
7ec348bd-e138-4607-a9db-6e1355f2d8c3,2025-05-27 10:31:31,M003,dine_in,70.05,completed
e6cae784-5387-41f0-ac38-69312eabac99,2025-05-27 12:13:30,M003,takeaway,48.1,completed
0662273b-2259-4d08-9d75-e91ba27cd54b,2025-05-27 14:15:35,M005,delivery,93.4,completed
e8d53f10-72c5-46a3-96e7-56f439084824,2025-05-27 16:20:34,M002,delivery,45.21,completed
3bb5360e-1f57-4a65-a827-bb832d266702,2025-05-27 17:39:11,M001,takeaway,60.65,completed
2b5cd0cc-a73a-49f1-88fc-0f458bdabd87,2025-05-27 18:16:32,M004,dine_in,51.75,completed
54a63428-404b-4885-a345-5a4766067e0a,2025-05-27 19:50:25,M004,dine_in,64.66,completed
5ad4bd70-ee9e-4f24-ba28-63f3475593ab,2025-05-27 20:52:59,M003,takeaway,49.41,completed
e80799c6-5ccc-4260-9836-bacb53beaf6d,2025-05-27 21:12:19,M004,delivery,1.710454626519,completed
01b06ee3-6e66-4129-bae2-5740f80e9fbf,2025-05-27 21:55:37,M004,takeaway,34.72,completed
64859bc9-7730-4b1b-90a7-1eb2a4698105,2025-05-28 00:08:12,M002,dine_in,9.398845789833755,completed
86fb2b24-31a7-4719-9d27-f83108cd8947,2025-05-28 01:39:06,M003,dine_in,39.38,pending
51aec96e-8e5c-4420-902f-f187a4cfe2d6,2025-05-28 01:57:38,M003,delivery,65.16,completed
bb3f7000-aa2e-4ffe-911b-723192e1c93a,2025-05-28 02:58:36,M001,dine_in,65.34,completed
7187a696-27ac-4745-aae5-78f669a996db,2025-05-28 03:27:04,M001,takeaway,33.09,failed
ace1ee11-85f3-42a4-a221-b1106e69fdac,2025-05-28 03:36:24,M001,takeaway,73.38,completed
09fd1d55-286b-4e53-84fa-20afd626434b,2025-05-28 06:19:17,M001,takeaway,66.1,completed
bfbf19bb-c3e9-4e6e-adff-99746b9ee120,2025-05-28 17:31:17,M003,delivery,6.201020014246795,failed
90fbad78-95af-4c12-9301-21c489acda54,2025-05-28 17:48:14,M003,takeaway,69.6,completed
cdf1aa8e-c0f4-4df2-be52-dca22b24309c,2025-05-28 17:52:29,M003,dine_in,33.93,completed
13e5dff9-c83c-4e85-af31-8cda5585c688,2025-05-28 19:57:08,M005,dine_in,69.69,completed
a7f3e424-40ee-4212-873b-5e339550397d,2025-05-29 02:09:46,M005,delivery,10.16,completed
ff142c59-8978-4c2c-9718-58bf8ffb69c7,2025-05-29 02:56:12,M001,dine_in,47.52,completed
2f1fbf8f-6095-4563-bc0f-dc0e2da45454,2025-05-29 10:43:11,M002,delivery,33.6,completed
88343557-bfa9-4595-a6ad-5863b3e091ad,2025-05-29 12:25:52,M001,dine_in,27.93,completed
e68a161a-714f-4c3c-9471-ffe07d620095,2025-05-29 16:12:48,M001,delivery,60.43,completed
951af664-818b-4a9e-8b39-27ac7a27ebf1,2025-05-29 17:42:15,M003,takeaway,62.24,completed
bad18086-b94e-403e-ba61-16962586ce6e,2025-05-29 17:46:52,M002,dine_in,79.48,completed
bd1002de-5119-4c89-bcef-561aaa71a493,2025-05-29 17:50:07,M002,takeaway,72.83,completed
a6df5880-3000-453e-bc30-4e4d66771cb7,2025-05-29 18:51:52,M001,takeaway,9.52445316610223,completed
9704482e-7338-4eaa-9416-3b5853ab55f4,2025-05-29 20:28:45,M004,takeaway,86.43,pending
4ccaa0b0-bf0d-429b-b2b4-f602d879d9da,2025-05-29 20:44:00,M005,dine_in,94.37,completed
296c0ac0-0800-4d5a-ab24-ffa65a5a7a5e,2025-05-29 20:54:59,M001,takeaway,38.45,completed
3e1356a2-51aa-46f2-8288-0590d7a94208,2025-05-29 22:56:43,M003,takeaway,51.62,completed
d426fd51-9cd9-4ce8-982a-f1017ceeb9ec,2025-05-30 05:24:59,M001,takeaway,50.24,completed
9ea0b9da-f4be-4f91-9b89-d28cacc8b913,2025-05-30 05:29:14,M005,takeaway,16.81,completed
8d70eb65-16ee-4f3b-9feb-44b75e5e1468,2025-05-30 06:08:08,M004,takeaway,108.71,completed
9187ae93-b5a7-43f3-a565-c4f0d9a24bb7,2025-05-30 06:46:11,M005,dine_in,39.51,completed
a4ccdc57-9ffc-4abf-8b2c-7feb83a8c1e5,2025-05-30 08:39:19,M003,takeaway,9.67024288401434,failed
effe433c-3e88-4920-8764-d1cd5faa9592,2025-05-30 13:25:46,M002,takeaway,17.7,completed
8191fc3f-d1a1-43ce-88ad-bbf77d8097e5,2025-05-30 18:12:10,M002,takeaway,7.10649971463374,pending
7720bb5e-d8f0-45ef-b8bb-b149277af445,2025-05-30 18:28:23,M003,delivery,11.11,pending
ac76b322-2b34-4c1f-9187-659bc44a1231,2025-05-30 19:34:33,M005,takeaway,73.47,completed
e6b90fd4-b18f-4336-b4c8-080035cc6f41,2025-05-30 20:15:27,M001,dine_in,86.18,completed
913e81a5-1caa-4b39-9416-f6821335eea7,2025-05-31 03:37:40,M005,dine_in,27.74,completed
df5f9d03-4fb5-45e7-a58c-6be656671829,2025-05-31 03:48:58,M001,delivery,1.81,completed
1be959ed-9cc6-40c3-a9ed-b680de6b074a,2025-05-31 10:12:42,M001,dine_in,40.89,completed
61c0a62b-28c4-447a-b50a-4288b6bfe298,2025-05-31 11:23:58,M004,delivery,25.39,completed
4a245e0f-ecb3-4c1b-b624-0307a5598bcd,2025-05-31 15:40:31,M003,takeaway,75.89,completed
8f558594-10f6-49a0-8555-a623b66c2186,2025-05-31 19:40:06,M005,delivery,130.63,completed
3f137c79-cead-4b7d-8fd9-b84d2728d2a2,2025-05-31 20:12:57,M004,dine_in,61.91,completed
14eaf797-8b4f-4915-8c91-83faee5c947f,2025-05-31 20:31:29,M001,delivery,8.963696059264038,completed
ca9e0f60-bd33-4460-9e70-611676cf78d2,2025-05-31 21:22:11,M001,dine_in,76.98,completed
134cdd99-85bd-454b-ad42-b8acf3ee4a70,2025-05-31 23:17:19,M005,takeaway,68.99,completed
1355fab4-dbe5-417b-b062-c6c8562687bd,2025-06-01 02:46:25,M005,takeaway,36.86,completed
daf5c6d3-78a5-44bc-8638-a4571191c311,2025-06-01 05:32:40,M005,dine_in,54.19,completed
e2480e01-d656-40e2-9b6c-1d7f1f37dd1b,2025-06-01 09:40:28,M003,takeaway,98.7,completed
45141b1b-00db-444c-b434-291c0ffaeeb9,2025-06-01 10:07:21,M004,delivery,88.96,completed
2f78b4d4-c08c-4e19-a134-c0221c7041cc,2025-06-01 11:05:53,M004,dine_in,23.41,pending
9466028f-1459-49a0-9e09-10785c3299db,2025-06-01 17:11:39,M001,dine_in,28.8,completed
bc61b9e3-d6f5-4666-989c-57e9b077a0c4,2025-06-01 17:56:24,M001,delivery,14.82,completed
e39f076d-184c-4a49-856f-99ed9ddd9fb7,2025-06-01 19:31:22,M003,delivery,101.66,completed
c92c1ac7-9fce-4c4d-8850-7981b987101e,2025-06-01 22:09:54,M001,takeaway,71.02,completed
bc03822b-3b21-4e01-95dd-81c59deb75d2,2025-06-02 01:20:35,M005,takeaway,72.96,completed
9690ef7c-eae3-4374-9c1b-86f2736a7476,2025-06-02 01:41:01,M004,takeaway,44.37,completed
15821cde-dfd8-42ca-b3ce-254908e01a83,2025-06-02 03:48:03,M004,dine_in,67.01,completed
c7b57e4f-09d0-4b41-a9d3-ab6e9baf6dfd,2025-06-02 05:44:37,M004,delivery,49.04,pending
3837acd9-8c57-4edb-a4e5-f60d8a8a7b44,2025-06-02 09:58:23,M005,dine_in,75.37,pending
ba21d72b-2609-4d8e-89a0-5e7e4486c04d,2025-06-02 11:46:06,M005,takeaway,71.47,completed
a57060c3-34d1-4683-9cf7-04c21e9c4b68,2025-06-02 13:02:00,M002,takeaway,73.14,completed
ada4789a-9554-497e-8593-fb8437d6bea7,2025-06-02 13:05:58,M004,dine_in,2.354250439053977,completed
1637a2b0-6c78-4280-beeb-4ae6690aad14,2025-06-02 16:49:07,M005,takeaway,85.64,completed
b05e5eb7-0a2c-4731-b747-73353ae222e7,2025-06-02 18:34:58,M003,dine_in,31.56,completed
db3a254a-e96e-45f3-b830-09611663c80d,2025-06-02 18:38:06,M003,dine_in,62.52,completed
5e24bd95-8637-4ffc-9760-9b2d5f5a5f5c,2025-06-02 19:29:39,M001,takeaway,72.37,completed
58215cac-d0d7-4c6c-a165-587c232ad5d2,2025-06-02 21:17:34,M005,dine_in,87.71,completed
0e706048-136e-430c-b09f-cdb83d1745c4,2025-06-02 22:03:03,M001,dine_in,66.78,completed
a56e10f9-2b34-4056-bff8-76536a54b77b,2025-06-03 03:21:54,M003,dine_in,49.16,completed
4a7f5d44-6a79-4ba0-9a88-0b04a68c2a9f,2025-06-03 03:23:55,M005,dine_in,13.0,completed
5506c95a-82e8-4397-98c8-9864d5bc8730,2025-06-03 05:02:19,M005,delivery,60.88,completed
673fa44d-4692-4aaf-8d2e-f96f498fac16,2025-06-03 05:55:27,M005,takeaway,86.4,completed
848e57d0-9923-4fa7-b3ab-bf69e6674ee0,2025-06-03 06:28:22,M002,delivery,21.01,completed
ca48b3fb-14e6-4d70-9d7c-7c645fc57f3a,2025-06-03 07:56:18,M001,delivery,67.67,completed
c579375f-2fb0-4e05-846d-f491dff28a8d,2025-06-03 09:06:37,M002,dine_in,57.95,completed
1e44c05a-a7fb-4469-87a4-578d66702a1e,2025-06-03 13:28:54,M001,delivery,35.73,completed
17e83daf-1c33-472f-9672-48a2691f45c9,2025-06-03 15:22:54,M003,dine_in,20.71,pending
5ecb73d7-da16-4642-8d65-ebb330f2bc7e,2025-06-03 15:26:59,M001,takeaway,87.32,completed
f9226579-1f16-4b05-b653-6184675fc34f,2025-06-03 15:53:11,M001,delivery,26.95,completed
91348ddd-53c9-4c4b-84ac-0796eb367010,2025-06-03 17:23:17,M001,takeaway,42.91,completed
088c99c5-4864-447b-857b-5d7ebbf1330e,2025-06-03 19:47:48,M002,delivery,1.02,completed
23e62ebd-287f-4b07-897a-9fa15af4e24d,2025-06-03 22:09:38,M002,dine_in,31.48,completed
efbca17c-485a-4660-bcab-5a07830c001f,2025-06-03 22:54:35,M005,delivery,32.18,completed
cc97058a-ae44-4601-8ae8-fc8a6d21246c,2025-06-03 23:14:47,M001,takeaway,16.36,completed
e83f2c9a-2a3d-4203-ba52-96906cd5a3dd,2025-06-04 01:07:41,M002,takeaway,4.24,completed
28413a91-5b03-4e0f-916e-91e9db489bba,2025-06-04 02:52:46,M004,takeaway,27.59,completed
48363c54-8755-4a66-b7ca-fb4a66671b08,2025-06-04 03:47:46,M002,takeaway,6.604205868548177,completed
6808ba25-d55b-438e-badc-138e127a2411,2025-06-04 06:44:36,M001,delivery,86.79,completed
b622f48a-9e13-47d8-9919-7252c54b4558,2025-06-04 08:11:32,M001,dine_in,60.85,completed
8f48abb8-2b24-47cd-b575-070856ad3620,2025-06-04 08:50:08,M002,dine_in,46.71,completed
63d24f8e-83b0-40bd-9c14-353412184793,2025-06-04 11:45:50,M002,takeaway,120.02,failed
4aa6f99b-abd7-4820-b6b6-3b745860d56e,2025-06-04 17:40:45,M002,delivery,75.7,completed
c7e83e04-6963-4c30-8edc-4cdb4e4ed547,2025-06-04 19:02:13,M004,dine_in,65.23,completed
64088ca1-109a-4a0f-9bb0-90289b7c98f7,2025-06-04 19:45:01,M004,delivery,43.84,completed
bae11780-e5bb-4f12-b2ff-b12ef18d0e23,2025-06-04 20:21:16,M004,takeaway,20.28,completed
c47698f4-ae01-4e76-ac30-44542f81d552,2025-06-05 00:30:55,M004,delivery,116.68,completed
6fc51653-4809-4337-a58d-f1e8a24692c2,2025-06-05 00:59:09,M002,takeaway,31.88,completed
a24632ed-c491-40e1-b87d-9aadfa345ab3,2025-06-05 01:55:06,M004,takeaway,115.62,completed
36507bca-4266-40af-9e96-dba0763bacb2,2025-06-05 03:42:24,M001,delivery,62.04,failed
76b6ae4e-c704-43c0-8e8e-83aa2c23d018,2025-06-05 08:01:06,M004,takeaway,22.32,pending
cadec450-455b-43be-ac9e-d8898c9ed496,2025-06-05 08:16:58,M005,takeaway,44.15,completed
1c7ccbbf-7dc5-446c-bade-1419d11704e3,2025-06-05 09:36:31,M004,delivery,59.79,completed
08533e5b-a724-4bbb-be96-8e5eac47ab11,2025-06-05 11:19:22,M005,delivery,40.89,completed
3d1d3294-d1a5-4241-899b-ee90f48ec7d3,2025-06-05 13:09:22,M003,delivery,93.64,completed
305c7a32-85c7-4401-a028-ec107ff3a640,2025-06-05 19:23:06,M004,dine_in,35.43,completed
518d0e48-80ea-4f44-aa2f-62fe6ccdb4fd,2025-06-05 21:56:24,M005,takeaway,62.44,completed
e945d79b-56c3-4a8b-a771-0a9a4d822615,2025-06-05 22:39:45,M005,takeaway,131.93,completed
c407e800-db2c-42b4-ba68-e20d943c7621,2025-06-05 23:42:06,M003,delivery,41.11,completed
01af484e-9dbc-4113-9972-c0f2d64bc433,2025-06-06 02:54:21,M005,dine_in,72.03,completed
026b7cea-2e50-497d-a589-6405bbed0537,2025-06-06 07:47:32,M002,delivery,88.17,completed
136336f8-785c-40af-bf0e-4f12c3a33596,2025-06-06 09:12:06,M004,takeaway,31.9,completed
b4df1e12-06e4-44c2-8ca9-101652839658,2025-06-06 09:54:47,M003,dine_in,50.98,completed
3d54715c-33c6-4d3f-a56c-2e18c5c89460,2025-06-06 10:38:29,M002,takeaway,57.66,completed
e7ad465d-4485-43c0-9ba2-71d0aaeaf9f3,2025-06-06 11:44:24,M003,takeaway,17.31,completed
5576b998-b7c4-4669-80b8-d18fd597e59d,2025-06-06 14:34:14,M004,delivery,91.09,completed
9fac94bf-3460-4a32-95ac-e8ebdbad4549,2025-06-06 15:42:27,M001,delivery,85.05,pending
13f258de-20a7-4fec-87ed-8ffb5e2eed95,2025-06-06 17:40:02,M001,takeaway,29.36,completed
51300af4-bd65-4cc9-a27d-c58dfb0e6dbd,2025-06-06 18:10:06,M004,delivery,7.4444497591793,completed
44404fe8-26b3-47e2-aad8-d22962d05f3e,2025-06-06 18:29:50,M005,dine_in,50.46,completed
fd532c4f-ba3d-43b3-b302-93f425c52bf7,2025-06-06 18:47:17,M003,takeaway,30.52,completed
92279ff9-323c-4450-8fc9-6c7897630177,2025-06-06 22:51:54,M002,delivery,4.059746774139233,completed
e16ed265-46ca-4fd9-8c3a-d076401f53b1,2025-06-07 00:47:47,M001,dine_in,88.64,completed
4632bb6b-2cf0-43e4-832e-6765a99cce99,2025-06-07 02:24:02,M002,takeaway,77.37,completed
9f674bce-8708-49d3-948e-d04177818af4,2025-06-07 07:36:06,M001,dine_in,38.85,completed
0370de27-d6fa-41c6-9d49-f8e8e3474e5a,2025-06-07 09:13:11,M001,dine_in,14.36,completed
3ae4cf99-d458-4f86-9494-20d9fd24997c,2025-06-07 10:55:09,M003,takeaway,67.54,completed
1e4434aa-9ecc-4da7-8bf5-8f78f2c55f0b,2025-06-07 14:59:15,M004,dine_in,56.17,completed
eba79c12-4041-4a99-9b1f-9a30ac45cd98,2025-06-07 21:28:49,M001,dine_in,30.09,completed
9409db59-43f6-445f-9203-c57accf38e2d,2025-06-07 23:02:29,M001,dine_in,105.84,completed
45d742e2-9458-49fd-a355-9e2087005104,2025-06-08 00:10:34,M003,delivery,23.45,completed
7371d2b7-c860-4740-a494-b0e793e22e1e,2025-06-08 01:38:16,M005,delivery,92.97,pending
4a362a3a-ccd7-4170-8aff-6ee28bd05195,2025-06-08 01:52:35,M004,dine_in,76.39,completed
0e20df82-e79d-41ca-80d0-a7634be010cd,2025-06-08 03:13:31,M001,dine_in,51.91,completed
297c62ec-51b3-4a47-a683-3b4426ffedd8,2025-06-08 05:32:47,M001,dine_in,55.43,completed
fa8fc9e9-9f57-47a1-b97e-3fdeaebec368,2025-06-08 06:07:31,M004,takeaway,91.92,completed
bdb9bbdf-4810-43bf-a5af-911db3a3cc13,2025-06-08 09:29:47,M003,delivery,89.18,completed
3d531fbd-2808-4bc0-b5a2-a1dcb05d8e6b,2025-06-08 10:00:54,M004,dine_in,31.15,completed
dafc924e-2d09-44df-941d-fe5ad426dc97,2025-06-08 10:25:30,M005,delivery,77.64,completed
509326fa-a618-40c8-ac56-03a76fb70a8a,2025-06-08 10:54:13,M003,dine_in,48.03,completed
6c155e90-3908-4714-a80d-3678487e9118,2025-06-09 03:12:00,M005,dine_in,52.49,completed
e9649015-8a71-4940-ad05-30d69794aeb6,2025-06-09 04:34:25,M005,dine_in,52.37,completed
03c38b4e-b625-4356-99ac-f426da571bb3,2025-06-09 08:01:07,M002,dine_in,18.68,pending
42dd7b9e-f372-4992-8910-ed8d3690a073,2025-06-09 09:36:37,M005,delivery,89.39,completed
e6f14826-4bd9-4128-881e-968136fc5669,2025-06-09 10:41:54,M004,takeaway,78.56,completed
a6c413ae-9c7e-4e98-bc7d-d23110ea1560,2025-06-09 14:48:37,M003,delivery,45.17,pending
3131c701-57dc-4bfb-8711-8991f849b66e,2025-06-09 17:29:19,M002,delivery,23.88,completed
63b9491b-eed2-49cb-84bf-78fdb1502ad9,2025-06-09 19:47:59,M005,delivery,83.31,completed
ce62eb0d-cfca-4332-ab8c-36e3736b9ec6,2025-06-09 19:53:54,M001,takeaway,50.91,completed
69448dc0-4c0a-479e-b653-39f81163c353,2025-06-09 21:24:35,M003,delivery,25.75,completed
da9582e8-4ebc-400b-89a5-0914e9076063,2025-06-09 21:30:07,M005,takeaway,94.76,completed
63cb1960-caae-41b2-8fba-ef8ff80aa07e,2025-06-10 01:38:04,M003,delivery,25.13,completed
fce5ebb6-00d3-4414-b5cd-779abe03c1a7,2025-06-10 01:38:53,M002,delivery,42.49,completed
49da3418-ba6d-4deb-97d5-6b265c531722,2025-06-10 03:30:19,M005,takeaway,73.4,completed
fb3be9fe-b7f4-4dff-a96c-dd7ae4adcdcc,2025-06-10 03:39:51,M002,delivery,14.82,completed
cbba3bf8-fd0f-4037-a69b-999c84b2b577,2025-06-10 03:57:34,M005,delivery,98.93,completed
8b384df8-fbdb-41e1-82b9-1f54bffe2dc5,2025-06-10 04:24:36,M003,dine_in,14.26,completed
93bc5f17-e631-4042-a4db-8de640c7b87c,2025-06-10 07:23:38,M005,delivery,28.68,completed
2ef4929f-797a-4f61-a248-007cc0d5f884,2025-06-10 10:45:09,M005,dine_in,43.39,completed
b6605761-54f1-4def-8985-21c613c4f0c3,2025-06-10 10:52:56,M004,takeaway,66.9,pending
ddbc9bd8-49c5-4b2a-a58e-e7c9c43f47ff,2025-06-10 13:24:46,M001,takeaway,37.05,completed
4d6385f6-00bf-4cc4-bc2a-e0b4aa892c84,2025-06-10 14:53:26,M002,dine_in,113.54,completed
2fba97f4-938c-4f95-b655-ba0354f2145f,2025-06-10 15:38:39,M004,takeaway,52.5,completed
9ef15c6b-b502-4eb3-a474-25c19a58ff89,2025-06-10 15:41:31,M003,delivery,43.69,pending
22ab0909-56d7-4658-8dcc-b4ae47936cf3,2025-06-10 17:11:22,M005,dine_in,40.87,completed
e64075b6-fa3b-42d5-96a7-baacd1ce2f44,2025-06-10 22:18:05,M005,dine_in,81.15,completed
b9bf7695-7a5c-466e-9301-32401bd0de60,2025-06-10 23:16:14,M001,dine_in,72.77,completed
0b5457ba-dc53-4b2e-b40b-5612b5b0d09d,2025-06-11 01:24:56,M003,takeaway,55.09,completed
617313d3-dfce-409c-8b86-401b33d43399,2025-06-11 02:14:25,M005,dine_in,54.18,completed
2e64511e-cf5c-481c-82cf-a0fc6de8c684,2025-06-11 02:50:54,M002,delivery,55.11,completed
243c5af3-82be-4ebe-8e82-8853cdcee381,2025-06-11 04:34:04,M001,takeaway,36.1,completed
7fbd2bde-f5cf-4329-bbd8-3f44389996c2,2025-06-11 04:39:00,M001,delivery,1.31,completed
c3f2909f-981e-4d73-afca-44e0d0bd94e1,2025-06-11 05:25:20,M004,takeaway,58.34,completed
ededdadd-a4f7-4d09-b869-8170db829e8c,2025-06-11 07:06:04,M003,dine_in,42.16,pending
17e84184-9afe-4d64-9117-dcdc0c154954,2025-06-11 09:43:41,M004,delivery,70.4,completed
2e7c4e50-e926-4dea-b55b-459de0984591,2025-06-11 11:34:22,M002,takeaway,15.3,completed
c637bcef-7243-4e8d-be20-09c0482539ff,2025-06-11 13:53:54,M004,dine_in,91.05,completed
ea590281-c551-444a-82e3-933b7f025b36,2025-06-11 15:49:35,M004,dine_in,96.44,completed
a105d8da-8262-4ce8-82fc-306552e54afc,2025-06-11 16:25:32,M001,dine_in,26.67,completed
d0d8aa49-c3c5-4e82-b3d6-0f4441df7b12,2025-06-11 17:20:00,M004,delivery,29.57,completed
996ea926-2112-47a3-9e53-7e53edd83ea1,2025-06-11 23:23:37,M003,delivery,123.95,completed
8847ea4e-d0a2-41cc-9436-7f546cedf5c8,2025-06-12 01:28:22,M002,delivery,9.78,completed
f93e6647-3a1c-4f45-88a8-fbb353fcbc79,2025-06-12 02:02:23,M002,dine_in,35.99,pending
ca9fc55b-8188-475e-ad50-c4a775c8517a,2025-06-12 02:24:33,M004,dine_in,6.5,completed
313cdff0-6966-473a-9418-21b393e26903,2025-06-12 03:28:46,M005,delivery,54.57,completed
8ef1baa5-14e0-4a1e-bc9c-f7d3d2a1cc06,2025-06-12 03:38:03,M001,delivery,39.35,completed
e7f64780-dc79-423b-bb42-001eb38b86c7,2025-06-12 10:11:21,M002,takeaway,79.29,completed
562238d5-8da0-453f-9e6a-160d394b8863,2025-06-12 10:55:03,M002,takeaway,42.43,completed
01010007-c973-436b-a6e2-b1489cf6dfc0,2025-06-12 12:26:45,M001,takeaway,41.46,completed
400cd906-3c5d-413b-96d5-f579b15e0916,2025-06-12 13:54:13,M004,delivery,55.5,completed
2d87342b-3ad6-4d29-a4b7-63c26e029ad7,2025-06-12 14:30:57,M004,dine_in,42.19,completed
0ef4d995-53d7-4bb2-b245-f442bb4776a7,2025-06-12 16:28:46,M002,takeaway,47.26,completed
bc7efaea-7efe-4dea-aebe-7f886af1682f,2025-06-12 17:08:28,M004,delivery,31.35,completed
69320fb5-42a3-423a-bb19-e585a534db65,2025-06-12 17:09:34,M002,takeaway,48.62,completed
05e2d6b9-31de-4b7b-a3a5-60faa1954a05,2025-06-12 17:29:03,M002,takeaway,12.87,failed
f9b437de-a854-4641-87e2-adb6d10c66d0,2025-06-12 18:27:49,M002,delivery,104.34,completed
ec9ba823-830f-4d61-9968-1033633a4309,2025-06-12 19:41:36,M005,delivery,84.27,pending
d2566bf7-ea89-438a-b710-268c549c917d,2025-06-12 22:00:06,M001,delivery,70.85,pending
e8c0883b-0de4-49bf-9ede-1b550c9235e4,2025-06-13 00:07:25,M002,delivery,70.46,completed
e9c09377-0b27-4ec5-8960-892045aebd7b,2025-06-13 00:53:32,M003,dine_in,9.910979614781793,completed
e8ca36f5-a345-43f9-8e44-032ea492ebd3,2025-06-13 01:20:30,M001,delivery,52.76,completed
bf442ad8-b5ac-43c1-8d5f-c8d520d49e9f,2025-06-13 01:56:00,M004,dine_in,18.34,completed
ecb27164-c46d-420e-8525-5bd4a052468e,2025-06-13 03:28:26,M005,delivery,64.16,completed
50a77104-1b92-4a98-a8b4-30918bf662db,2025-06-13 10:10:26,M004,takeaway,32.97,pending
0a546f32-7e59-4303-8859-d52eddfd18b5,2025-06-13 12:22:30,M001,dine_in,51.71,failed
89f47a48-5629-4809-823f-df331fee7a25,2025-06-13 12:45:41,M004,dine_in,38.65,completed
d115b778-c39c-4a12-97bb-96cdab06456f,2025-06-13 13:17:14,M002,dine_in,21.49,pending
d00935aa-e0b1-4082-a372-8aa17a13bd18,2025-06-13 15:26:19,M003,takeaway,3.81,completed
5f5a9fe9-00cf-49d2-8920-5b8b963bf780,2025-06-13 20:12:30,M001,dine_in,39.89,completed
3debcc26-c4c0-4b8b-94c9-f71ca1b4ae81,2025-06-13 20:45:46,M004,delivery,7.62,completed
185b5b96-299c-490f-afd6-fdf82d87ecfb,2025-06-14 05:56:50,M005,takeaway,20.4,completed
d0eb0882-8fb5-4f72-975e-c9625fdd27cd,2025-06-14 06:16:39,M003,dine_in,103.07,completed
16fcfb20-576d-4356-87a9-2facaa0a5eaf,2025-06-14 06:38:32,M002,takeaway,29.36,completed
a0e1f972-fc80-4bd6-b77c-b0d923664d8c,2025-06-14 14:40:43,M005,dine_in,53.78,failed
aa30b3f4-3467-4a1c-9a1c-bfe9e7e3ed9d,2025-06-14 15:51:24,M004,takeaway,57.18,completed
a9e636e8-38f0-4c02-b524-046bb206c0a9,2025-06-14 17:58:32,M005,dine_in,59.23,completed
a27be5a9-a638-4c9b-a734-95356d7c1b0e,2025-06-14 19:14:46,M003,dine_in,51.92,completed
79f97d67-3922-448c-b0a1-151fe2ee2d16,2025-06-14 19:18:55,M005,delivery,131.48,completed
39ccaed7-6028-42b4-9e6a-8e1667edd597,2025-06-14 22:59:08,M003,delivery,27.23,completed
0b2e64f1-0d40-49bb-b178-d94ca1b3e135,2025-06-14 23:13:09,M004,delivery,103.98,completed
c80df0a4-9ad3-4427-b0b4-d8959eef367d,2025-06-15 01:25:45,M001,dine_in,49.95,completed
5e8ed034-73ea-4d95-845b-4d8708660e2f,2025-06-15 02:49:35,M004,dine_in,26.2,failed
73a4d182-ffef-49e1-8467-113fe404d678,2025-06-15 07:47:23,M003,takeaway,42.03,completed
c93718eb-8aae-41e4-b74a-a695c5980ff6,2025-06-15 10:02:37,M001,delivery,32.5,completed
60f6d787-78fa-4a55-9ccc-a4b5ffd41839,2025-06-15 10:12:51,M005,delivery,45.48,completed
5b108a86-db3f-4d2e-85e4-7d5b65b0cf3c,2025-06-15 11:00:49,M004,takeaway,34.53,completed
46e2cee4-db8e-41a9-81ca-57b360d901af,2025-06-15 16:39:14,M004,takeaway,58.8,completed
c6096cd7-e44a-4944-b185-b92d19bd711e,2025-06-15 17:03:12,M002,delivery,52.9,completed
87361eac-12a0-4ba4-87a7-3fbe31a5fd43,2025-06-15 18:40:26,M002,delivery,53.11,completed
5faaacca-a42c-4cb6-aa33-8a634524df60,2025-06-15 21:25:39,M005,delivery,69.25,pending
c06e09b8-26bb-4769-ac49-0b6839822b0d,2025-06-16 02:37:31,M001,delivery,84.42,completed
